,Date,market,rf,SMB,HML,Open,High,Low,Close,Adj Close,Volume,return,Daily_Return,mkt-rf,ER,abnormal_returns,const,(mkt-rf),(SMB),(HML)
0,2019-07-24,-0.0010504911956241,0.006750000000000001,-0.0223547606062919,0.071122265271362,16.549999237060547,16.600000381469727,15.899999618530272,16.450000762939453,16.450000762939453,136107,-0.006042204152926265,-0.006042204152926223,-0.007800491195624101,0.0014793235753563228,0.0075215277282825455,,,,
1,2019-07-25,0.0005166893518236,0.00674,0.1424325255229027,0.0515778478745566,16.100000381469727,16.200000762939453,15.699999809265137,16.200000762939453,16.200000762939453,71421,-0.01519756768420523,-0.015197567684205215,-0.006223310648176401,0.011024866714713538,0.026222434398918755,-0.0022455742474791836,0.9924630793536793,0.006970444140351495,-0.02234518920709741
2,2019-07-26,-0.0045176706470294,0.0069,0.1441943646526901,-0.196937008768804,16.049999237060547,16.049999237060547,15.850000381469728,15.949999809265137,15.949999809265137,29115,-0.0154321569074392,-0.015432156907439154,-0.0114176706470294,-7.24599294567006e-05,0.015359696977982453,-0.0025319636282889243,0.9685980039775817,0.00775524735575881,-0.021971620922711377
3,2019-07-29,-0.0005738166734628,0.00695,-0.0351153715849261,0.0094775805806401,15.600000381469728,16.0,15.399999618530272,16.0,16.0,75309,0.0031348082340301254,0.0031348082340301175,-0.007523816673462799,0.008312435183676964,0.005177626949646847,-0.0025249233638398026,0.9688261269730278,0.007721853490074513,-0.02197553162076488
4,2019-07-30,-0.0050368763292828,0.00695,-0.104760780543247,-0.1321294022059579,15.550000190734863,15.649999618530272,15.5,15.649999618530272,15.649999618530272,41001,-0.02187502384185791,-0.02187502384185802,-0.0119868763292828,-0.0014460781049285463,0.020428945736929476,-0.0025970759501211596,0.9693312167789724,0.008171485886760534,-0.021769671224446382
5,2019-07-31,-0.0006546842881721,0.0069,0.0335917842069464,-0.0224816261318719,15.149999618530272,15.850000381469728,15.100000381469728,15.850000381469728,15.850000381469728,82213,0.012779601777283343,0.012779601777283656,-0.0075546842881721,-0.0033969610764915236,-0.01617656285377518,-0.0025941053215183096,0.970781859082378,0.008161827188292468,-0.021847316057164442
6,2019-08-01,-0.0085052836262937,0.006999999999999999,0.0483849726067363,-0.1301681201697755,15.399999618530272,15.649999618530272,15.399999618530272,15.649999618530272,15.649999618530272,139421,-0.01261834436125784,-0.012618344361258083,-0.015505283626293699,-0.002317187946186775,0.010301156415071308,-0.003112300401700768,0.9285637529554273,0.010463099293050938,-0.01984880311759371
7,2019-08-02,-0.0170251786463065,0.006999999999999999,-0.0457561666734706,-0.307136606683719,15.449999809265137,15.649999618530272,15.449999809265137,15.649999618530272,15.649999618530272,103000,0.0,0.0,-0.0240251786463065,0.004839289816255072,0.004839289816255072,-0.0029722906533489212,0.9350394918393128,0.011687876125301392,-0.020013164973081476
8,2019-08-05,-0.0119091293944567,0.0068000000000000005,0.1112275894811173,-0.2999311623289139,15.050000190734863,15.399999618530272,15.0,15.399999618530272,15.399999618530272,81001,-0.01597444128394669,-0.01597444128394665,-0.0187091293944567,0.0038451642311214764,0.019819605515068128,-0.0029717246499736173,0.922319196653528,0.010715379596160143,-0.02006762309719667
9,2019-08-06,-0.0027495949809492,0.0069,-0.1088388500305653,0.1124235625082555,15.050000190734863,15.350000381469728,15.0,15.350000381469728,15.350000381469728,36361,-0.0032467037856536416,-0.003246703785653393,-0.0096495949809492,-0.002178631566247447,0.0010680722194059463,-0.0029420654619434004,0.9172416297334909,0.01070919823163135,-0.01953864829335891
10,2019-08-07,-0.0008244847158421,0.006750000000000001,0.0066907187882801,0.0669654325880532,15.100000381469728,15.350000381469728,15.100000381469728,15.350000381469728,15.350000381469728,32001,0.0,0.0,-0.007574484715842101,0.006736547647572994,0.006736547647572994,-0.003987836498652462,0.8453483404193621,0.017857117045469995,-0.01683605078997921
11,2019-08-08,0.0104283336254382,0.0066500000000000005,-0.036874339682887,0.4154995699572797,15.149999618530272,15.25,15.0,15.149999618530272,15.149999618530272,103005,-0.013029365340009426,-0.013029365340009647,0.0037783336254381987,0.00019480296452984228,0.013224168304539489,-0.002213669001835821,0.9852029334137279,0.008582686741155521,-0.024186412263154163
12,2019-08-12,-0.0021087144128271,0.006600000000000001,0.1784100904950459,-0.0582709112006545,15.149999618530272,15.149999618530272,15.100000381469728,15.149999618530272,15.149999618530272,18004,0.0,0.0,-0.008708714412827102,-0.0026934906242264576,-0.0026934906242264576,-0.0022093933843865352,0.9867423395319058,0.008577556055987996,-0.024230102185566985
13,2019-08-13,-0.0104752120467409,0.0064,0.0780205117031939,-0.264458791450158,15.149999618530272,15.600000381469728,15.100000381469728,15.600000381469728,15.600000381469728,80000,0.02970302140397733,0.029703021403977514,-0.0168752120467409,-0.0005886311393699505,-0.030291652543347466,-0.002079043812215782,1.0102281669675601,0.005618707729020593,-0.025964634211192036
14,2019-08-14,0.0062793058460721,0.006500000000000001,-0.0215576761886129,0.2557314448540548,15.800000190734863,16.0,15.5,15.800000190734863,15.800000190734863,99115,0.012820500280416923,0.012820500280416702,-0.00022069415392790039,-0.0004067087383101595,-0.013227209018726862,-0.002198316644993954,1.008504306655835,0.004683746297732297,-0.025863094128631685
15,2019-08-15,-0.0096474094951899,0.0063,0.0203149925298604,-0.0967484073579167,15.600000381469728,15.600000381469728,15.100000381469728,15.100000381469728,15.100000381469728,95006,-0.04430378486170002,-0.044303784861699946,-0.0159474094951899,0.002769655604360167,0.047073440466060115,-0.0021229852243254844,1.010927749539385,0.0042165284934278366,-0.026121824264091504
16,2019-08-16,0.0090789761229831,0.0064,-0.0581132301114788,0.1276678476615936,15.149999618530272,15.300000190734863,15.050000190734863,15.300000190734863,15.300000190734863,108706,0.013245020146527318,0.013245020146527287,0.0026789761229831,-0.0008381751545440529,-0.01408319530107134,-0.002466615446851016,0.9938520447404591,0.008377397057836886,-0.02375714192701779
17,2019-08-19,0.0065119537632446,0.006600000000000001,-0.0733355000331697,0.2522795149078218,15.100000381469728,15.350000381469728,15.100000381469728,15.350000381469728,15.350000381469728,77001,0.0032679862818002854,0.0032679862818003613,-8.804623675540049e-05,0.004201706474556375,0.0009337201927560133,-0.002318522807734208,0.9985916094525493,0.008451368495945038,-0.02394659167334672
18,2019-08-20,0.0032177332856632,0.006600000000000001,-0.0899128787635103,0.2101906743105611,15.100000381469728,15.300000190734863,15.100000381469728,15.25,15.25,43002,-0.006514682670004713,-0.006514682670004879,-0.0033822667143368007,0.0033044090866394247,0.009819091756644303,-0.002207348252531408,1.018634400846439,0.008296426272317813,-0.02438855876395902
19,2019-08-21,0.0003135951235447,0.006600000000000001,0.0278152143651608,-0.0343102428887528,15.100000381469728,15.25,15.050000190734863,15.25,15.25,67381,0.0,0.0,-0.0062864048764553005,-0.010647641072754396,-0.010647641072754396,-0.00253584539257557,0.957667835265396,0.006500051387590034,-0.02406410479015158
20,2019-08-22,0.000378163068257,0.006600000000000001,0.0648611004138347,0.0076023258370309,15.100000381469728,15.350000381469728,15.100000381469728,15.149999618530272,15.149999618530272,48975,-0.006557402063588627,-0.006557402063588791,-0.006221836931743001,0.0059782265216338035,0.012535628585222594,-0.0024092322523536283,0.9848954827621963,0.006285820361167528,-0.024420731892300446
21,2019-08-23,0.0007910970512854,0.0068000000000000005,0.0102947541309678,-0.0558990969189011,15.25,15.25,15.25,15.25,15.25,19001,0.006600685411728596,0.006600685411728646,-0.006008902948714601,0.00175372119153528,-0.004846964220193366,-0.0024775355932895597,0.9707353143958929,0.005990223474209694,-0.024126278585981438
22,2019-08-26,-0.0174167884885819,0.006500000000000001,0.0026008164849495,-0.4265833140260698,15.100000381469728,15.25,15.100000381469728,15.25,15.25,57002,0.0,0.0,-0.0239167884885819,0.002480520395789147,0.002480520395789147,-0.0024994012205138572,0.9640647144277052,0.006190123086592101,-0.023863567065030598
23,2019-08-27,0.0031541778426645,0.0068000000000000005,-0.0274358122004623,0.1443956520206291,15.25,15.25,15.100000381469728,15.25,15.25,35051,0.0,0.0,-0.0036458221573355005,-0.0024100377738338163,-0.0024100377738338163,-0.00250503509218142,0.9683573440251718,0.004819411068962448,-0.02496168170605717
24,2019-08-28,0.0045305214372665,0.0068000000000000005,-0.1055280106979544,0.1717298035728282,15.100000381469728,15.199999809265137,15.100000381469728,15.199999809265137,15.199999809265137,61011,-0.0032787010317943135,-0.0032787010317942844,-0.0022694785627335005,0.0019370539715409469,0.005215755003335231,-0.0025182954749368197,0.9655425021341436,0.005197670158339822,-0.024772035744647238
25,2019-08-29,0.0026968436119903,0.0068000000000000005,-0.0079027218502142,0.1774298275291945,15.100000381469728,15.199999809265137,15.100000381469728,15.199999809265137,15.199999809265137,20006,0.0,0.0,-0.004103156388009701,0.0032593847618710946,0.0032593847618710946,-0.002652001080512201,0.9106473129681557,0.004541570647823222,-0.02483797774642647
26,2019-08-30,0.0148741852357132,0.0068000000000000005,-0.1235485839880594,0.2834241787351876,15.149999618530272,15.25,15.100000381469728,15.25,15.25,75009,0.0032894862738344077,0.0032894862738344077,0.0080741852357132,0.00028872179036786537,-0.0030007644834665424,-0.0025559923994832243,0.9128744931015481,0.005527449595689005,-0.024120771052269268
27,2019-09-03,-0.0072064628323412,0.0068000000000000005,0.0981701179773123,-0.2857061465383508,15.100000381469728,15.300000190734863,15.100000381469728,15.25,15.25,59007,-0.0032679862818002854,-0.0032679862818002503,-0.0140064628323412,-0.00013565211887838196,0.0031323341629218683,-0.0016824097921888364,1.057718149869923,0.004576185750642881,-0.02758896867023932
28,2019-09-04,0.0093860237428164,0.0068000000000000005,-0.0428400574375938,0.226942907578184,15.100000381469728,15.25,15.050000190734863,15.050000190734863,15.050000190734863,23001,-0.013114741591156507,-0.013114741591156553,0.0025860237428164,-0.0008320172158857017,0.012282724375270851,-0.0011994515235657526,1.1101845926354177,0.0034434014635717596,-0.029220166426787042
29,2019-09-05,0.0093475859484279,0.0068000000000000005,-0.1767958435305028,0.3226072264551779,15.050000190734863,15.199999809265137,15.0,15.199999809265137,15.199999809265137,126932,0.009966751935499427,0.00996675193549934,0.0025475859484279002,-0.0008529650618803557,-0.010819716997379696,-0.0011284707185484095,1.114959945862687,0.0033872101217286947,-0.029219114773277627
30,2019-09-06,0.002204156913385,0.0069,-0.0064415050545912,0.0451933185741987,15.100000381469728,15.199999809265137,15.0,15.199999809265137,15.199999809265137,64292,0.0,0.0,-0.004695843086615,-0.002727865229927402,-0.002727865229927402,-0.0011345384087859192,1.1156724140845562,0.0034359648454465336,-0.029255171125230198
31,2019-09-10,-0.0025100152861914,0.0070999999999999995,0.0089461764763552,-0.1704270487610341,15.100000381469728,15.25,14.949999809265137,14.949999809265137,14.949999809265137,154151,-0.01644736862743991,-0.016447368627439896,-0.0096100152861914,-0.003329692669808619,0.013117675957631277,-0.0011255979941272812,1.1164088968504005,0.003423661372992262,-0.02928162268470577
32,2019-09-11,0.0034192827860924,0.0068000000000000005,0.0140505618742595,0.1141401721898183,15.0,15.149999618530272,15.0,15.100000381469728,15.100000381469728,31000,0.010033483218617049,0.010033483218617079,-0.0033807172139076005,0.00013005582109487657,-0.009903427397522202,-0.0011673803179854626,1.114794789998762,0.0031472760522941613,-0.02932932018551205
33,2019-09-12,0.00344754309723,0.0070999999999999995,0.0839740387686265,-0.0052019144386262,15.050000190734863,15.149999618530272,14.699999809265137,15.149999618530272,15.149999618530272,42483,0.0033112076687034035,0.0033112076687031866,-0.0036524569027699995,6.163202681493379e-05,-0.003249575641888253,-0.0010054576919152685,1.1296902636626858,0.002725282276994234,-0.02991877729452555
34,2019-09-16,0.0065185641625443,0.0072,-0.1879674549208154,0.2650192890990028,14.949999809265137,15.100000381469728,14.949999809265137,15.100000381469728,15.100000381469728,85168,-0.00330027975706295,-0.0033002797570627074,-0.0006814358374556996,0.0009267099737574917,0.004226989730820199,-0.0010451044085964699,1.1127323353085088,0.0013538814318306402,-0.030424608608648734
35,2019-09-17,-0.0021682511647954,0.0074,0.0446186706691641,-0.0154911524231925,15.0,15.100000381469728,14.949999809265137,15.100000381469728,15.100000381469728,35410,0.0,0.0,-0.0095682511647954,-0.0041678199118075215,-0.0041678199118075215,-0.0010256473783553234,1.1131300934981083,0.0013757099982055886,-0.03039155968343862
36,2019-09-18,0.0050531238505218,0.0072,0.0205205511485851,0.1437812731898173,15.0,15.199999809265137,14.899999618530272,15.199999809265137,15.199999809265137,58067,0.006622478494644708,0.006622478494644479,-0.0021468761494781996,0.00013012583170434432,-0.006492352662940135,-0.0010466552814066086,1.1114992051119963,0.0014785300968549586,-0.030331331309173103
37,2019-09-19,-0.0031794828997806,0.0072,0.0836076138431957,-0.0542577841933545,15.100000381469728,15.199999809265137,15.0,15.149999618530272,15.149999618530272,38090,-0.0032894862738344077,-0.0032894862738345187,-0.0103794828997806,-0.0010929501840401382,0.0021965360897943805,-0.001062621031507163,1.1067119819725821,0.0017472371213960343,-0.030044200376787164
38,2019-09-20,0.0032116748279181,0.0073,0.081195578407846,-0.0070300127529034,14.949999809265137,15.0,14.949999809265137,15.0,15.0,22000,-0.009900965168791546,-0.009900965168791465,-0.0040883251720819,0.0014342915654411547,0.01133525673423262,-0.0012050185353243439,1.0906510477572773,0.0021056134722451554,-0.029575774974728755
39,2019-09-23,-0.0009763221114218,0.0073,0.0450171283183689,0.0290326481635717,15.100000381469728,15.100000381469728,14.899999618530272,15.0,15.0,59467,0.0,0.0,-0.0082763221114218,-0.002424040211334982,-0.002424040211334982,-0.0012370054597730445,1.0887718548612733,0.002184654140610077,-0.029422048949892157
40,2019-09-24,-9.247768282766346e-05,0.0074,-0.0634573207126373,0.029608314209516,15.75,15.75,15.050000190734863,15.300000190734863,15.300000190734863,162432,0.02000001271565755,0.020000012715657656,-0.007492477682827664,-0.000553764928767094,-0.02055377764442475,-0.001618185331635891,1.049908956335942,0.0024012272630270903,-0.028656447467345462
41,2019-09-25,-0.0040592870760235,0.0070999999999999995,-0.0189586771221309,-0.0592255681836026,15.350000381469728,15.449999809265137,15.199999809265137,15.350000381469728,15.350000381469728,96002,0.0032679862818002854,0.0032679862818003613,-0.0111592870760235,-0.003014904283522999,-0.00628289056532336,-0.0013621178149144748,1.0729802408649598,0.0010675633891437195,-0.029368376557747548
42,2019-09-26,-0.0001563586275969,0.00723,-0.0557011953850711,0.1092232653354413,15.100000381469728,15.399999618530272,15.100000381469728,15.199999809265137,15.199999809265137,107074,-0.00977202400500707,-0.009772024005007207,-0.007386358627596901,0.0018767155326816238,0.011648739537688831,-0.0013492414164955786,1.0739631228067938,0.0010480346470018269,-0.029399710294908815
43,2019-09-27,-0.0038917020676879,0.0072,-0.2506959496897183,0.1606078903092112,15.100000381469728,15.300000190734863,14.850000381469728,15.100000381469728,15.100000381469728,120000,-0.006578909805936685,-0.006578909805936561,-0.011091702067687899,0.0007534773932414312,0.007332387199177993,-0.0017708555111843795,1.0368951702699203,0.0028600026803492096,-0.027426147453112653
44,2019-10-01,0.0127400539172225,0.0073,-0.2298777202853502,0.4813343692876559,15.100000381469728,15.149999618530272,15.0,15.100000381469728,15.100000381469728,54291,0.0,0.0,0.0054400539172225005,-0.00045923366374701815,-0.00045923366374701815,-0.0016746290123687813,1.0415142342210677,0.00331307591710343,-0.02728014976108606
45,2019-10-02,-0.0018026201700775,0.0073,0.0597783390320907,0.0234960439309801,14.899999618530272,15.050000190734863,14.899999618530272,15.050000190734863,15.050000190734863,28005,-0.0033112708259413048,-0.0033112708259414037,-0.0091026201700775,-0.0013933994288999373,0.0019178713970414664,-0.0016490835005881302,1.0439700575652135,0.003369175600163426,-0.027328156916718378
46,2019-10-03,-0.0065738505841197,0.0073,0.0739171386790305,-0.1202611261940047,15.050000190734863,15.050000190734863,14.850000381469728,15.050000190734863,15.050000190734863,26000,0.0,0.0,-0.0138738505841197,-0.0038568669895357307,-0.0038568669895357307,-0.0016530704657726192,1.0436897313670344,0.003403828530794309,-0.027314839483904636
47,2019-10-04,0.0017074720398759,0.0073,0.0001576909833284,0.0289206605634914,15.050000190734863,15.050000190734863,14.800000190734863,15.0,15.0,32703,-0.0033222717675209456,-0.003322271767520979,-0.0055925279601241,-0.002437551354559418,0.0008847204129615611,-0.0016688145519243858,1.0389123384573895,0.0035740121574477455,-0.02714883408146542
48,2019-10-07,0.0037247394842643,0.0070999999999999995,-0.0226172153343471,0.0509828751259073,15.050000190734863,15.199999809265137,15.0,15.199999809265137,15.199999809265137,92001,0.013333320617675781,0.013333320617675781,-0.0033752605157356995,0.001315636466908428,-0.012017684150767354,-0.001607052472502128,1.0425741305040597,0.003966721966153846,-0.027017183131025843
49,2019-10-08,0.0075216782744649,0.0070999999999999995,-0.31144700280841,0.3660804612001417,15.100000381469728,15.300000190734863,15.050000190734863,15.300000190734863,15.300000190734863,204750,0.0065789725476688155,0.0065789725476688155,0.00042167827446490044,0.0018159758928923296,-0.004762996654776486,-0.0016078303342089272,1.0423742836441363,0.003977191179368823,-0.027009536398837478
50,2019-10-09,-0.0115590479292838,0.006999999999999999,0.114063436700503,-0.2972747802039922,15.350000381469728,15.399999618530272,15.149999618530272,15.350000381469728,15.350000381469728,90360,0.0032679862818002854,0.0032679862818003613,-0.018559047929283798,-0.0016476699349724224,-0.004915656216772784,-0.001822923911230442,1.0222651802570133,0.0034803941599940956,-0.026621875927327256
51,2019-10-14,0.016252606530223,0.0070999999999999995,-0.1397437641957649,0.467953349954659,15.350000381469728,15.949999809265137,15.350000381469728,15.850000381469728,15.850000381469728,294000,0.03257328909278673,0.032573289092786784,0.009152606530223002,0.003960460933400669,-0.028612828159386115,-0.0018419570704388826,1.0173874569884047,0.003708540306173489,-0.026414702092327776
52,2019-10-15,0.0040525717188097,0.0069,-0.0918873175424587,0.1908750912861809,15.899999618530272,16.200000762939453,15.800000190734863,16.149999618530273,16.149999618530273,282305,0.01892739620443648,0.018927396204436286,-0.0028474282811903,0.003974120422236301,-0.014953275782199986,-0.0016466489184597108,1.0218293659030444,0.001966309957355212,-0.027170942084518403
53,2019-10-16,0.004592439958824,0.0067,-0.0402774248212383,0.1142773932728112,16.149999618530273,17.100000381469727,16.149999618530273,17.100000381469727,17.100000381469727,382775,0.058823578042035134,0.058823578042035196,-0.0021075600411760006,0.0016272035977695021,-0.057196374444265695,-0.0016406490944276043,1.0157001670996204,0.001609026148606951,-0.027216782450435954
54,2019-10-17,0.0021544540693697,0.006600000000000001,0.095942045285903,-0.1396856639506322,17.200000762939453,18.649999618530277,17.200000762939453,18.200000762939453,18.200000762939453,365223,0.06432750625325909,0.06432750625325911,-0.004445545930630301,0.00024097160359826575,-0.06408653464966085,-0.0016174897865811667,1.0223771577205993,0.001663675612139667,-0.027407723462411784
55,2019-10-18,-0.0005953542292192,0.0067,0.0331664892922304,-0.0051746736316846,18.0,18.100000381469727,17.399999618530273,18.0,18.0,218115,-0.010989052448102828,-0.010989052448102776,-0.0072953542292192005,-0.00223438552035163,0.008754666927751146,-0.0016692821634690025,1.011577359694197,0.0010037637182879373,-0.02731858776364434
56,2019-10-21,0.0003515730601574,0.0067,0.1463024472780787,-0.1985595849114499,19.049999237060547,19.049999237060547,17.200000762939453,18.100000381469727,18.100000381469727,299065,0.005555576748318142,0.005555576748318192,-0.0063484269398426,0.0032601053778328324,-0.0022954713704853593,-0.0016391835754100692,1.0140117075807584,0.0008154453818376671,-0.02734724654075683
57,2019-10-22,0.0077877716530001,0.0067,-0.0990773017689845,0.2308350463062906,17.799999237060547,18.0,17.399999618530273,17.75,17.75,168609,-0.019337037242720016,-0.019337037242720068,0.0010877716530000997,0.0010575043610079788,0.020394541603728045,-0.0016473891056873855,1.012421058840764,0.0008879166030293564,-0.027280709927057674
58,2019-10-23,-0.002801825718088,0.0069,0.0030940540452665,-0.0477693727405392,17.700000762939453,17.700000762939453,17.299999237060547,17.649999618530273,17.649999618530273,125706,-0.005633824308153609,-0.005633824308153623,-0.009701825718088,0.001316340545064118,0.006950164853217741,-0.0017009690330346597,1.0017288294184694,0.0011378555846547813,-0.026993955335664663
59,2019-10-24,0.0071594385886624,0.0069,0.0720713296766602,0.1530839165433552,17.649999618530273,17.649999618530273,17.200000762939453,17.549999237060547,17.549999237060547,124000,-0.005665744115072885,-0.005665744115072924,0.00025943858866239993,1.5010978681608608e-05,0.005680755093754533,-0.0017317537397349078,0.9996402849120167,0.0011786767613884905,-0.02692346194420975
60,2019-10-25,-0.0021218405422512,0.0069,-0.0314229337796199,-0.0260917577954834,17.299999237060547,17.299999237060547,17.100000381469727,17.25,17.25,41006,-0.017093974364798536,-0.017093974364798536,-0.0090218405422512,0.001978533533539312,0.019072507898337848,-0.0014623227773648997,1.0247090319734982,0.0005564417282329735,-0.027778351763149918
61,2019-10-28,0.0016730889780238,0.0069,-0.0222114704607579,0.1156020221909852,17.25,17.25,17.100000381469727,17.149999618530273,17.149999618530273,37110,-0.005797123563462409,-0.005797123563462403,-0.005226911021976199,0.0012062201187718114,0.007003343682234214,-0.001310615673602503,1.0348951563616646,-0.0015749375926752632,-0.028477380311101898
62,2019-10-29,0.0016659790896019,0.0069,-0.1946008033994926,0.1298100992513109,17.100000381469727,17.200000762939453,17.0,17.0,17.0,27002,-0.00874633363654431,-0.008746333636544312,-0.0052340209103981,0.0018245797144950046,0.010570913351039317,-0.001378717759384454,1.0187687537642955,-0.0014095871260102234,-0.028284006654012987
63,2019-10-30,0.0040948198426608,0.0069,0.0184542304646861,0.1358284137214826,17.049999237060547,17.549999237060547,17.049999237060547,17.549999237060547,17.549999237060547,219268,0.03235289629767923,0.03235289629767912,-0.0028051801573392,-0.008750899665561463,-0.04110379596324058,-0.0006564012874177936,1.0971317315812619,-0.0019653308043567647,-0.029228524765218075
64,2019-10-31,-0.0018954113590986,0.0069,0.0280227598045523,-0.0098500746372564,17.649999618530273,17.649999618530273,17.299999237060547,17.549999237060547,17.549999237060547,47325,0.0,0.0,-0.0087954113590986,-0.004415030409855832,-0.004415030409855832,-0.0005125920408394599,1.1011691048517993,-0.0027094492872587073,-0.02929338889284086
65,2019-11-08,-0.0023279535237221,0.006830000000000001,0.149580372438293,-0.2073802511433449,17.0,17.0,16.799999237060547,17.0,17.0,70105,-0.00874633363654431,-0.008746333636544312,-0.0091579535237221,-0.005320147611355365,0.0034261860251889476,0.0005253055144571013,1.1949791349984644,-0.00474946495111033,-0.03206761996924738
66,2019-11-11,-0.0131490339954234,0.006730000000000001,0.0502309864307937,-0.1829555141433784,16.899999618530273,17.0,16.700000762939453,16.950000762939453,16.950000762939453,26000,-0.002941131591796875,-0.002941131591796875,-0.0198790339954234,-0.0019465192914734802,0.0009946123003233948,0.0025281583806693784,1.4102614176688522,-0.006425095525503921,-0.03929829410256559
67,2019-11-12,0.0081462816630467,0.006730000000000001,-0.0836681114122146,0.2024875626067867,16.850000381469727,16.899999618530273,16.600000381469727,16.850000381469727,16.850000381469727,50500,-0.005899727254784181,-0.0058997272547841595,0.0014162816630466984,-0.006165114053273753,-0.0002653867984895933,0.0024709077894587107,1.4096648736726625,-0.006591298031138615,-0.03930350071142351
68,2019-11-13,-0.004560620755067,0.0067800000000000004,0.0408615210968278,-0.0826178347478133,16.799999237060547,16.799999237060547,16.5,16.799999237060547,16.799999237060547,30000,-0.0029674269007238076,-0.002967426900723824,-0.011340620755067001,5.567727713742029e-05,0.0030231041778612444,0.002426684334450409,1.4050018899557144,-0.006600569012396762,-0.03915222279966363
69,2019-11-14,-0.001518173545596,0.006730000000000001,-0.009861816810538,-0.0158350962283291,16.700000762939453,16.850000381469727,16.649999618530273,16.799999237060547,16.799999237060547,31553,0.0,0.0,-0.008248173545596,0.003823086397237654,0.003823086397237654,0.0020286012964275527,1.3672178159506552,-0.005467982579841534,-0.03815653805532955
70,2019-11-15,0.0065656707800188,0.006830000000000001,-0.0566537761328976,0.2015694824493674,16.799999237060547,16.799999237060547,16.399999618530273,16.649999618530273,16.649999618530273,74696,-0.008928549127512847,-0.008928549127512841,-0.00026432921998120057,0.0003002550219558557,0.009228804149468698,0.0020171891309264493,1.368132060751107,-0.005398703191717039,-0.03812836890283802
71,2019-11-18,0.0064361652822089,0.0067800000000000004,-0.0978793383574131,0.1679647390377499,16.5,16.5,15.800000190734863,15.800000190734863,15.800000190734863,131298,-0.05105101785404372,-0.051051017854043756,-0.0003438347177911003,-0.002677432089174602,0.04837358576486915,0.0019149411241510808,1.3586355431810535,-0.006207898710424085,-0.038285011725171084
72,2019-11-19,0.0048811370433589,0.0067800000000000004,-0.1215021550449128,0.1617873420770181,15.899999618530272,15.899999618530272,15.5,15.800000190734863,15.800000190734863,96130,0.0,0.0,-0.0018988629566411008,0.0017432250147963026,0.0017432250147963026,0.0018211902747702882,1.3583314427609894,-0.005432518346600985,-0.03789427855299921
73,2019-11-20,-0.0021619191575443,0.006520000000000001,0.0841432288126157,-0.1193485571085355,15.600000381469728,15.649999618530272,15.199999809265137,15.199999809265137,15.199999809265137,100258,-0.03797470722953329,-0.03797470722953333,-0.0086819191575443,-0.005845637988273001,0.032129069241260334,0.0018178487848735242,1.3598730224492228,-0.005481233590373901,-0.037976391130536205
74,2019-11-21,-0.0062702612660636,0.006580000000000001,0.0140218636852496,-0.1791450143355,14.949999809265137,15.300000190734863,14.649999618530272,14.649999618530272,14.649999618530272,269006,-0.03618422352871423,-0.03618422352871431,-0.0128502612660636,-0.012808827178342707,0.023375396350371603,0.0017326984777075792,1.3544539579000419,-0.004441149439130125,-0.0375017266962796
75,2019-11-22,0.000738023405185,0.00668,0.0678967547681083,-0.0117609518119583,14.699999809265137,15.300000190734863,14.600000381469728,15.25,15.25,132706,0.04095565850464644,0.040955658504646664,-0.005941976594815,-0.0017201777514806449,-0.04267583625612731,0.0019053503493379098,1.3594068763863958,-0.0028031447225233897,-0.03670456398166427
76,2019-11-25,-0.0004512679955249,0.00668,0.0723945906603706,-0.0273083095649602,15.300000190734863,15.300000190734863,15.0,15.199999809265137,15.199999809265137,139069,-0.0032787010317943135,-0.0032787010317942844,-0.0071312679955249005,-0.006906379899704381,-0.0036276788679100967,0.001904680870212336,1.357395976688895,-0.002740594865959777,-0.03664240040511695
77,2019-11-26,0.0013181791997302,0.00668,0.0359211965708063,0.0197923079604376,15.050000190734863,15.149999618530272,15.0,15.149999618530272,15.149999618530272,56707,-0.0032894862738344077,-0.0032894862738345187,-0.0053618208002698,-0.011299511343529547,-0.008010025069695028,0.0016934026970470268,1.3383179087722012,-0.0030849567332975223,-0.03599196316538736
78,2019-11-27,0.0061018178161776,0.0066300000000000005,-0.0891977844962338,0.1656975577554794,14.949999809265137,15.149999618530272,14.899999618530272,15.050000190734863,15.050000190734863,62190,-0.006600622462927247,-0.0066006224629271415,-0.0005281821838224003,-0.0040676563298035085,0.002532966133123633,0.001480099145469224,1.3036776842638065,-0.002774694697773472,-0.03516129756555139
79,2019-11-28,-0.0026082839446871,0.0066300000000000005,0.0165830734691833,-0.0129466306412036,15.050000190734863,15.050000190734863,14.850000381469728,14.949999809265137,14.949999809265137,36950,-0.006644543535041891,-0.006644543535041847,-0.009238283944687101,-0.009177287737073225,-0.0025327442020313777,0.0012837584608831757,1.2837764622058145,-0.002280165748912169,-0.03460080696325386
80,2019-11-29,-0.0109760597988044,0.0066300000000000005,0.0805010454855167,-0.2771523527661742,14.949999809265137,14.949999809265137,14.649999618530272,14.75,14.75,97712,-0.013377913833897744,-0.013377913833897748,-0.017606059798804398,-0.005468254931006212,0.007909658902891536,0.0012826919900709164,1.2830983912295966,-0.0022714045175170556,-0.03458851654656453
81,2019-12-02,0.0011540697575586,0.00668,-0.107128825139473,0.1031715489828205,14.699999809265137,14.75,14.550000190734863,14.75,14.75,84001,0.0,0.0,-0.0055259302424414,-0.0021762058853293338,-0.0021762058853293338,0.0012950180456101881,1.2832651141975098,-0.002326977818547591,-0.03462374995515705
82,2019-12-03,0.002499384916993,0.0066300000000000005,0.0813578452567283,-0.0322253129246204,14.5,14.800000190734863,14.5,14.699999809265137,14.699999809265137,41319,-0.0033898434396517478,-0.003389843439651763,-0.004130615083007,-0.005061835054015853,-0.0016719916143640903,0.0011736508992288164,1.2730644809855927,-0.0022194576005794405,-0.034472376309820044
83,2019-12-04,-0.0018306555926837,0.0066300000000000005,-0.0136407427271242,-0.0533956321610827,14.5,14.699999809265137,14.5,14.600000381469728,14.600000381469728,32371,-0.0068026822512189675,-0.006802682251218828,-0.0084606555926837,-0.0006767587905613052,0.006125923460657523,0.00012148236750348686,1.1710840190325125,0.0017266421063818769,-0.030978167299469596
84,2019-12-05,0.0073133995451321,0.006520000000000001,-0.1262110184252525,0.3148105778430455,14.600000381469728,14.649999618530272,14.5,14.600000381469728,14.600000381469728,45174,0.0,0.0,0.0007933995451320994,0.007962247582599155,0.007962247582599155,0.00013011009925199325,1.1718314712648392,0.0016785537805761126,-0.031009504967643833
85,2019-12-06,0.0012927735901911,0.00647,-0.0205832351526272,0.0452000343696696,14.600000381469728,14.600000381469728,14.300000190734863,14.5,14.5,85000,-0.006849341017596597,-0.006849341017596711,-0.0051772264098089,0.010756066903569202,0.01760540792116591,-0.00030422741917022393,1.1409862443171017,0.0012506003325604463,-0.02979837968091359
86,2019-12-09,0.0044040887022175,0.0066300000000000005,-0.0820677991607061,0.1350843767214108,14.5,14.649999618530272,14.399999618530272,14.5,14.5,74263,0.0,0.0,-0.0022259112977825006,-0.008480352842858776,-0.008480352842858776,-0.0005648820963297517,1.1344165745366934,0.0033418207547921954,-0.028162319144110208
87,2019-12-10,-0.0028239720724906,0.006520000000000001,0.0662206216341455,-0.1535551887937063,14.5,14.5,14.350000381469728,14.399999618530272,14.399999618530272,61093,-0.006896578032394935,-0.006896578032395073,-0.009343972072490601,-0.002512866298896065,0.004383711733499008,-0.00020927789786258691,1.1570021027871884,0.004881529358902597,-0.028354330751004245
88,2019-12-11,0.0062719893359384,0.006580000000000001,-0.1442447408022215,0.2735097829388086,14.399999618530272,14.449999809265137,14.0,14.449999809265137,14.449999809265137,61564,0.003472235559681669,0.003472235559681902,-0.0003080106640616009,-0.0025134467865521697,-0.005985682346234072,-0.00022380116815786137,1.1566420897649707,0.004769638914659325,-0.02837166412111332
89,2019-12-12,0.0115932879681725,0.006580000000000001,-0.3388663195828779,0.5759111425124507,14.399999618530272,14.399999618530272,14.199999809265137,14.300000190734863,14.300000190734863,128970,-0.01038059657510139,-0.010380596575101375,0.005013287968172499,0.00455381939077552,0.014934415965876895,-0.00025226571443898,1.1547836045913584,0.004712132355399397,-0.028340247392066063
90,2019-12-13,0.0077143720379713,0.006580000000000001,-0.2406732452309651,0.3265755951730683,14.25,14.75,14.25,14.600000381469728,14.600000381469728,146381,0.020979034037302804,0.020979034037302835,0.0011343720379712995,-0.0025972641338837137,-0.02357629817118655,-0.0003832131221127032,1.1422079719544111,0.00516960915245075,-0.027926981939994707
91,2019-12-16,0.0010093338822118,0.00647,0.1438093106628114,-0.0739252070909696,14.949999809265137,15.0,14.600000381469728,15.0,15.0,771,0.027397233430072485,0.027397233430072276,-0.0054606661177882005,-0.0003466462778630678,-0.027743879707935345,-0.0003805890605780831,1.144347175018758,0.005137576782336941,-0.02798213180948656
92,2019-12-17,0.0131694530588261,0.006520000000000001,-0.2151154003985711,0.4473843644679712,15.0,15.350000381469728,15.0,15.100000381469728,15.100000381469728,111574,0.006666692097981771,0.0066666920979818745,0.006649453058826099,0.0032546017226412257,-0.0034120903753406488,-0.00035590677120780814,1.1536968606709133,0.00523968887414348,-0.027965982730813764
93,2019-12-18,0.0021030345664258,0.00647,0.0536753586265455,-0.0612975676357906,14.899999618530272,15.199999809265137,14.800000190734863,15.199999809265137,15.199999809265137,74338,0.006622478494644708,0.006622478494644479,-0.0043669654335741995,0.0010843993839658624,-0.005538079110678617,-0.0003294347465200699,1.15470440627003,0.0049719128137391926,-0.028071410786266338
94,2019-12-19,-0.0085419863987183,0.006520000000000001,0.2566327193695562,-0.3672256968440074,15.199999809265137,15.25,14.899999618530272,15.199999809265137,15.199999809265137,101000,0.0,0.0,-0.0150619863987183,0.0008953163211701124,0.0008953163211701124,-0.00043865619722789563,1.1439258843022253,0.004829888820104929,-0.027804332477084553
95,2019-12-20,-0.0049771868104224,0.00642,0.1791124367759973,-0.2502612713692198,15.0,15.0,14.800000190734863,15.0,15.0,57000,-0.0131578823536055,-0.013157882353605488,-0.0113971868104224,-0.0016957897360024747,0.011462092617603014,-0.0004863489683596795,1.1410623876455384,0.005070499361994853,-0.027599742050618117
96,2019-12-23,0.0052805391562275,0.00647,-0.1461491064203928,0.2296071974170189,14.899999618530272,15.0,14.850000381469728,15.0,15.0,52144,0.0,0.0,-0.0011894608437725005,0.0006549440703501521,0.0006549440703501521,-0.0004738459188321813,1.1414667501652853,0.005023535731040552,-0.027566354009906886
97,2019-12-24,-0.003813816916643,0.006370000000000001,0.0553599103479023,-0.1199543422882198,14.899999618530272,14.899999618530272,14.800000190734863,14.899999618530272,14.899999618530272,43110,-0.006666692097981771,-0.0066666920979818745,-0.010183816916643001,-0.003062025734118153,0.0036046663638637216,-0.0005308658565588747,1.1374866438305689,0.005164650823616621,-0.02741375414865279
98,2019-12-25,0.0026510515122825,0.006370000000000001,0.0188651661454076,0.0860868929942431,14.899999618530272,14.949999809265137,14.75,14.850000381469728,14.850000381469728,57004,-0.003355653579907861,-0.003355653579907636,-0.0037189484877175006,-0.004628237370701317,-0.0012725837907936813,-0.0005228606264959048,1.1381890175602711,0.005132100532591555,-0.02743936031460768
99,2019-12-26,-0.0005929413869591,0.00647,0.0034503982545909,-0.0144327131902198,14.699999809265137,14.699999809265137,14.649999618530272,14.699999809265137,14.699999809265137,62737,-0.010101048373827992,-0.010101048373828081,-0.0070629413869591,-0.0021682078575981163,0.007932840516229965,-0.0006179354927269712,1.1303928874761993,0.005280087798036956,-0.027061022168041036
100,2019-12-27,0.0075477047260183,0.00647,-0.112328441035679,0.261709551821554,14.699999809265137,15.0,14.5,15.0,15.0,176764,0.02040817650526626,0.020408176505266162,0.0010777047260182998,0.003864184009346381,-0.01654399249591978,-0.0005725050838405686,1.1329504776096146,0.004961939501879346,-0.027117922275578518
101,2019-12-30,-0.0031608520514161,0.006520000000000001,0.1101576321773843,-0.1082839768555055,14.600000381469728,14.850000381469728,14.5,14.850000381469728,14.850000381469728,64195,-0.009999974568684896,-0.009999974568684733,-0.0096808520514161,0.004622675494283798,0.01462265006296853,-0.0005820140800131,1.13416804856741,0.005474700283647636,-0.027180099082823532
102,2019-12-31,-0.0046651242103499,0.006520000000000001,0.0998167757395307,-0.1493855803282731,14.850000381469728,15.0,14.550000190734863,15.0,15.0,117115,0.010100984153336955,0.010100984153336823,-0.011185124210349902,0.0041719576867572964,-0.005929026466579526,-0.00027452555484280567,1.1599446891183076,0.0025023645835895118,-0.02840273091102649
103,2020-01-02,0.0086137882312605,0.006520000000000001,-0.1070383237593922,0.3666569668526177,14.800000190734863,14.899999618530272,14.75,14.899999618530272,14.899999618530272,116006,-0.006666692097981771,-0.0066666920979818745,0.0020937882312604987,-0.002939037437313811,0.0037276546606680636,4.536340456738836e-05,1.189159340993696,0.0042600020764144075,-0.028726397850857698
104,2020-01-03,0.0008222168347524,0.00632,-0.1034576292374623,-0.0651973928692733,14.800000190734863,14.850000381469728,14.699999809265137,14.699999809265137,14.699999809265137,91061,-0.013422806334599394,-0.013422806334599247,-0.0054977831652476,0.0013258454154329025,0.014748651750032149,0.00014210554375771573,1.1991565096736776,0.0038433253824193504,-0.028939397811032466
105,2020-01-06,-0.0129697574727362,0.00623,0.1036864775898509,-0.3607157897753716,14.600000381469728,14.699999809265137,14.5,14.699999809265137,14.699999809265137,125081,0.0,0.0,-0.0191997574727362,-0.0008409802408579998,-0.0008409802408579998,0.0002127154826972649,1.2064781191506064,0.003777607521608358,-0.029184855341417897
106,2020-01-07,-0.0061104189043336,0.00623,0.0364103001693703,-0.1167837115665908,14.699999809265137,14.699999809265137,14.399999618530272,14.600000381469728,14.600000381469728,454074,-0.0068026822512189675,-0.006802682251218828,-0.0123404189043336,-0.007606430700866447,-0.0008037484496476194,0.00021127044951717853,1.2064447522365125,0.003757305823056061,-0.029183393477857023
107,2020-01-08,-0.0053214645280634,0.00623,-0.0400277656145764,0.0524466996634749,14.25,14.5,14.0,14.0,14.0,326506,-0.04109591546526568,-0.04109591546526581,-0.0115514645280634,0.008522737639531194,0.049618653104797,7.097908559727535e-05,1.1965310064395331,0.0031200645397645335,-0.028835975490944597
108,2020-01-09,0.0129922128536259,0.00627,-0.086832243394501,0.4621072118255441,14.050000190734863,14.050000190734863,13.75,13.75,13.75,134029,-0.017857142857142856,-0.017857142857142905,0.0067222128536259,-0.003225366708412737,0.014631776148730168,8.956805860440263e-05,1.1978397234556009,0.002989757517260305,-0.028890056483910777
109,2020-01-10,0.0045127539938447,0.00618,0.0261248118727203,0.1072003829704539,13.699999809265137,13.699999809265137,13.449999809265137,13.600000381469728,13.600000381469728,140045,-0.010909063165838067,-0.010909063165837951,-0.0016672460061553,-0.000747666475854932,0.010161396689983018,6.0714274588657274e-05,1.1969988891130523,0.0030199518623607226,-0.02879517912181629
110,2020-01-13,0.007382296230351,0.00632,0.0975031906263949,0.0832978077465449,13.600000381469728,13.600000381469728,13.300000190734863,13.449999809265137,13.449999809265137,177505,-0.011029453529204944,-0.011029453529205036,0.0010622962303510003,0.0002572052837164409,0.011286658812921476,4.1159354860685355e-05,1.1958734448821007,0.0029372941315080883,-0.028810867154393224
111,2020-01-14,0.0054806692796648,0.00623,-0.0602376926615122,0.1696015746571889,13.399999618530272,13.399999618530272,13.0,13.149999618530272,13.149999618530272,272348,-0.0223048472110911,-0.022304847211091272,-0.0007493307203352007,-0.004563902576152378,0.017740944634938895,-2.883989088693585e-05,1.1919015888847986,0.0031038890538662408,-0.02860344027845398
112,2020-01-15,-0.0072192990368521,0.00608,0.1343734321578368,-0.2853007352720239,13.149999618530272,13.149999618530272,12.649999618530272,12.75,12.75,337073,-0.03041822282387107,-0.030418222823870966,-0.0132992990368521,-0.0028372573335861545,0.02758096549028481,0.00020500173125570704,1.2125911957915072,0.0024329689909939594,-0.029021575277254817
113,2020-01-16,-0.0020633843169385,0.00608,0.1712470319946541,-0.1729498974323138,12.949999809265137,13.350000381469728,12.600000381469728,13.25,13.25,211050,0.0392156862745098,0.03921568627450989,-0.0081433843169385,-0.005229351910765186,-0.04444503818527507,0.0001826435234798039,1.2143311331522706,0.0020206621619597537,-0.029127900353218245
114,2020-01-17,0.0019358985398496,0.00587,0.0407672534969209,-0.0857462876341273,13.25,14.199999809265137,13.0,14.199999809265137,14.199999809265137,240001,0.07169809881246315,0.07169809881246314,-0.0039341014601504,-0.0012825420358246239,-0.07298064084828776,0.00021996690646384527,1.2117108799381209,0.002350754714369834,-0.029122910964077292
115,2020-01-20,0.0023506402065771,0.00598,0.0516826938139717,0.0162826771191166,14.199999809265137,14.649999618530272,14.0,14.399999618530272,14.399999618530272,365453,0.014084493799404275,0.01408449379940424,-0.0036293597934229003,-0.0013172952654291084,-0.01540178906483335,0.00021499642492261534,1.2130021428070166,0.0022165056755483097,-0.029347005484367677
116,2020-01-30,-0.0575118745154441,0.00563,-0.1042099283262257,-0.9498728100783635,13.600000381469728,13.75,13.0,13.199999809265137,13.199999809265137,238023,-0.08333332229543586,-0.08333332229543577,-0.0631418745154441,0.0032432721863259336,0.0865765944817617,-0.00019793051688057688,1.1698699250503362,0.004614077268129071,-0.027145838002438385
117,2020-01-31,0.0064227844001579,0.00577,-0.0531187658077145,0.1339158864711263,13.699999809265137,13.699999809265137,13.100000381469728,13.300000190734863,13.300000190734863,120012,0.007575786584446453,0.0075757865844463534,0.0006527844001578999,-0.003068379503522374,-0.010644166087968728,-0.00020147586462317439,1.1645576052378988,0.004438776259902608,-0.027278413323994076
118,2020-02-03,-0.0121947344749996,0.00567,0.0161187366225816,-0.3158924587231955,12.899999618530272,13.300000190734863,12.399999618530272,13.25,13.25,85325,-0.00375941278329415,-0.0037594127832941693,-0.0178647344749996,-0.004869405876016332,-0.0011099930927221625,-0.00019910112166652075,1.1660417952566826,0.004447389963871782,-0.02729095362585473
119,2020-02-04,0.0177015779400414,0.005719999999999999,-0.1036945655290423,0.6024593067042824,14.949999809265137,14.949999809265137,13.100000381469728,13.100000381469728,13.100000381469728,28132,-0.01132072592681309,-0.011320725926812991,0.011981577940041399,-0.0008268312976099038,0.010493894629203087,0.00027078711704664623,1.2470943165073538,0.0039887790543338235,-0.029622931278817776
120,2020-02-05,0.0015316993741877,0.00577,-0.0612892133889895,0.0688013402260065,12.850000381469728,13.0,12.850000381469728,13.0,13.0,27100,-0.007633616683796404,-0.007633616683796585,-0.0042383006258123,-0.0026998419060674708,0.004933774777729114,0.00017873128805015546,1.2401308422671022,0.0028208359916785603,-0.030543648585974588
121,2020-02-06,0.0152121435237917,0.005719999999999999,-0.0012583527490311,0.3087498844494231,13.149999618530272,13.25,12.949999809265137,13.0,13.0,42706,0.0,0.0,0.0094921435237917,-0.002830412262929177,-0.002830412262929177,4.721644989908358e-05,1.2281284471462166,0.0024570434802863167,-0.03044057504776137
122,2020-02-07,-0.0116488381664659,0.00563,-0.0337201626070408,-0.2943071568040239,12.850000381469728,12.899999618530272,12.649999618530272,12.800000190734863,12.800000190734863,134001,-0.015384600712702824,-0.015384600712702867,-0.0172788381664659,-0.0038546356851497845,0.011529965027553083,-0.0002630414925424481,1.1931448079675282,0.0014635588159034318,-0.029977100252265042
123,2020-02-10,-0.0033359074372092,0.00563,-0.0585690142642107,-0.0217663915848376,12.699999809265137,13.0,12.300000190734863,12.949999809265137,12.949999809265137,482016,0.011718720023055075,0.011718720023055074,-0.0089659074372092,-0.0003003932157351191,-0.012019113238790192,-0.0005308043022475927,1.1686976853450117,0.0019591005176547976,-0.029377743812873277
124,2020-02-11,0.0077733869013507,0.00577,-0.0391672912688514,0.2170522083771496,12.649999618530272,12.949999809265137,12.649999618530272,12.899999618530272,12.899999618530272,36016,-0.0038610186464319803,-0.0038610186464320684,0.0020033869013507,-0.0003705492444521577,0.0034904694019799107,-0.0008155107197279153,1.1500956406642202,0.0020242663016497,-0.02811636371853917
125,2020-02-12,0.0094435881783764,0.00577,-0.0464214654982357,0.2236445547104023,12.699999809265137,12.949999809265137,12.699999809265137,12.949999809265137,12.949999809265137,271014,0.003875983892514248,0.003875983892514423,0.0036735881783764,-0.007812719291172538,-0.011688703183686961,-0.0003632848312972257,1.191052208184515,0.004107522298816172,-0.02899678986924427
126,2020-02-13,0.0014939323306381,0.005719999999999999,0.0144422961318237,0.0634342220597653,13.100000381469728,13.149999618530272,12.800000190734863,13.0,13.0,219596,0.0038610186464319803,0.0038610186464320684,-0.004226067669361899,-0.007224652259731419,-0.011085670906163487,0.0013381553474246216,1.3775698327128443,0.0007736768998970855,-0.03581911093727998
127,2020-02-14,0.0020285250674898,0.005719999999999999,0.0646003616591438,0.0372978443859487,13.0,13.0,12.800000190734863,12.949999809265137,12.949999809265137,118021,-0.0038461685180664062,-0.0038461685180664062,-0.0036914749325101994,-0.005912996753538125,-0.002066828235471719,0.0014926283571078782,1.3922156766955784,0.000979353908258837,-0.036137689204279795
128,2020-02-17,-0.0044170407868172,0.00563,0.1107480756751564,-0.116988402571433,12.850000381469728,12.899999618530272,12.800000190734863,12.899999618530272,12.899999618530272,48162,-0.0038610186464319803,-0.0038610186464320684,-0.010047040786817198,-0.004032749691911375,-0.00017173104547930657,0.0032079123062396706,1.6600342301339914,0.006011634614076021,-0.0392248482540598
129,2020-02-18,-0.0097359800907102,0.005220000000000001,0.2770400962425255,-0.5164422995311181,12.399700164794922,12.545008659362791,12.109082221984863,12.496573448181152,12.496573448181152,48521,-0.03127334746348499,-0.03127334746348487,-0.0149559800907102,-0.009253079378702449,0.02202026808478242,0.0032636116537021367,1.6657338216461621,0.00584776792520994,-0.039421691316086895
130,2020-02-19,0.0094308145931494,0.0053300000000000005,-0.0146914754838773,0.2195121984385897,12.496573448181152,12.545008659362791,12.351263999938965,12.545008659362791,12.545008659362791,51621,0.0038758793666507246,0.0038758793666506808,0.0041008145931494,-0.0050053428238129045,-0.008881222190463585,0.0033018265542174683,1.6675084372321116,0.005486457214457714,-0.039715402309438354
131,2020-02-20,-0.0028701811104212,0.0053300000000000005,0.0202919023719745,-0.007518399075937,12.545008659362791,12.69031810760498,12.545008659362791,12.69031810760498,12.69031810760498,271146,0.011583048859335606,0.01158304885933581,-0.0082001811104212,-0.00321800009497448,-0.01480104895431029,0.0032696264059647925,1.6674870809022573,0.004440985506477272,-0.04072682311794255
132,2020-02-21,-0.0033040458445314,0.00512,0.0225018387724597,-0.0211062719909719,12.44813632965088,12.59344482421875,12.44813632965088,12.545008659362791,12.545008659362791,60673,-0.011450418106943064,-0.01145041810694325,-0.008424045844531401,-0.005866415928503975,0.005584002178439275,0.003196353426112225,1.6614823397605303,0.004781515509387352,-0.040452742850528675
133,2020-02-24,-0.0129620880130079,0.005220000000000001,0.0594524072888387,-0.3550773213385533,12.302826881408691,12.496573448181152,12.254390716552734,12.496573448181152,12.496573448181152,68541,-0.003860914926152058,-0.003860914926151926,-0.0181820880130079,-0.007835639081026049,-0.003974724154874123,0.0029533175002556815,1.6339455341704592,0.004646582749610057,-0.03995105273086939
134,2020-02-25,0.0004647084456124,0.00512,-0.110924154488815,0.0751608540865925,12.44813632965088,12.44813632965088,12.302826881408691,12.44813632965088,12.44813632965088,39272,-0.003876031996380844,-0.0038760319963806467,-0.004655291554387601,-0.004344203929086693,-0.00046817193270604594,0.002870034909080968,1.628367484034117,0.0054695124441337525,-0.03933636190873764
135,2020-02-26,-0.0092381475267059,0.00517,0.0406425841507055,-0.1811403993848377,12.399700164794922,12.545008659362791,12.302826881408691,12.545008659362791,12.545008659362791,29420,0.00778207493447583,0.007782074934475469,-0.0144081475267059,-0.012794353171771727,-0.020576428106247196,0.0029899075430255,1.6339423168882523,0.004501101697506804,-0.03989849526158586
136,2020-02-27,-0.0123714268851617,0.00507,-0.1146729119201301,-0.2752099159310516,12.496573448181152,12.59344482421875,12.302826881408691,12.59344482421875,12.59344482421875,119827,0.003860990946371916,0.003860990946372045,-0.0174414268851617,-0.020066464788204987,-0.02392745573457703,0.0029129613837718996,1.626926433860309,0.004539872862161208,-0.03977511253197338
137,2020-03-02,-0.0107782615546481,0.00498,0.0704783654746561,-0.1946187237262403,12.254390716552734,12.44813632965088,12.254390716552734,12.351263999938965,12.351263999938965,86731,-0.01923070515337007,-0.01923070515337011,-0.0157582615546481,-0.011164744437470326,0.008065960715899783,0.0028870679301817195,1.624253003076958,0.004578419154708231,-0.039707292612597894
138,2020-03-03,0.0140781817557136,0.00498,-0.077913143814316,0.4124930743338972,12.399700164794922,12.399700164794922,12.399700164794922,12.399700164794922,12.399700164794922,5253,0.003921555304477046,0.003921555304477131,0.0090981817557136,-0.013713949029884334,-0.017635504334361465,0.0029131417147705272,1.6254804844716408,0.004631480371299308,-0.03971494364293145
139,2020-03-04,0.0057054627385376,0.00475,-0.0972820371558886,0.1468339490244385,12.205954551696776,12.496573448181152,12.205954551696776,12.205954551696776,12.205954551696776,102201,-0.015625024034712123,-0.01562502403471222,0.0009554627385375998,-0.007431437483292471,0.00819358655141975,0.002879139697616501,1.6234230576039468,0.0044453207344088965,-0.03972126539610059
140,2020-03-05,0.0107502584913841,0.0049,0.0179234147489933,0.2481425279611535,12.205954551696776,12.399700164794922,11.963772773742676,12.15751838684082,12.15751838684082,157273,-0.003968240636224867,-0.003968240636224696,0.005850258491384101,-0.00277243821570047,0.0011958024205242258,0.0028771296181577177,1.6237669954360299,0.004390107524877586,-0.039737585487451495
141,2020-03-06,-0.0167619413025469,0.00475,0.1817821048950544,-0.378076994676362,12.109082221984863,12.205954551696776,12.060646057128906,12.109082221984863,12.109082221984863,25099,-0.003984050306548075,-0.003984050306548026,-0.0215119413025469,-0.003989192706471722,-5.1423999236962364e-06,0.0021774936117586094,1.5533188719590159,0.004021867689161971,-0.036477874033139
142,2020-03-09,-0.0303988439072024,0.00435,-0.0249285050721968,-0.6567579797144081,12.109082221984863,12.109082221984863,11.479410171508787,11.527846336364746,11.527846336364746,1545337,-0.04799999495955555,-0.047999994959555536,-0.0347488439072024,-0.009780237487182613,0.038219757472372926,0.0021497215152337804,1.5504351294522216,0.004026348648527285,-0.03641888354584512
143,2020-03-10,0.0023593770113128,0.0045000000000000005,-0.0008377939728871,0.1236799220878924,11.5,12.199999809265137,11.0,12.199999809265137,12.199999809265137,2390115,0.05830694244943858,0.05830694244943868,-0.0021406229886872007,-0.0032600892940963296,-0.06156703174353501,0.0021733300653376374,1.5451638414923183,0.004233985895475521,-0.03624127476011506
144,2020-03-11,-0.0099777016008253,0.0045000000000000005,0.0619472878970473,-0.2756610227065656,12.449999809265137,12.5,12.0,12.399999618530272,12.399999618530272,141186,0.01639342724524056,0.0163934272452404,-0.0144777016008253,-0.01476775557373507,-0.03116118281897547,0.002159393080879908,1.546706146523304,0.004175285524044089,-0.03628164049184629
145,2020-03-12,-0.0432752438324727,0.0044,-0.2696634991490948,-0.6887296046263038,12.100000381469728,12.449999809265137,11.25,11.75,11.75,100415,-0.052419325687633814,-0.05241932568763363,-0.0476752438324727,0.005637233179053293,0.058056558866686925,0.0021894648778382235,1.5481788046483822,0.003963842828633676,-0.036495175819459366
146,2020-03-13,-0.0281559371151307,0.0049,-0.3755155256987743,-0.2991633086853437,11.100000381469728,11.100000381469728,10.600000381469728,10.600000381469728,10.600000381469728,204039,-0.09787230796002327,-0.09787230796002311,-0.0330559371151307,-0.0032454817425673138,0.0946268262174558,0.002179810019294455,1.5473464663169436,0.00403114204653758,-0.0364504143406502
147,2020-03-16,-0.0405870132780072,0.0046500000000000005,-0.015367000238614,-0.9131285350983877,10.949999809265137,11.050000190734863,9.649999618530272,10.550000190734863,10.550000190734863,78011,-0.004716998956176508,-0.004716998956176721,-0.0452370132780072,-0.006856131399428221,-0.0021391324432515,0.0021970586947236363,1.5403910951998276,0.0038780844123427775,-0.036532845650845205
148,2020-03-17,-0.0286217580632129,0.005,-0.1437593627487939,-0.4259231256801774,9.699999809265137,10.550000190734863,9.699999809265137,10.300000190734863,10.300000190734863,91500,-0.023696682036039488,-0.023696682036039474,-0.0336217580632129,-0.0018735402200704197,0.021823141815969054,0.002384591123692309,1.5552745871366938,0.0016764580793462965,-0.03799595769802202
149,2020-03-18,-0.0234076932761759,0.00565,0.1250729568381584,-0.541253774386893,10.25,10.25,9.90999984741211,10.100000381469728,10.100000381469728,142128,-0.019417456850635995,-0.019417456850635784,-0.029057693276175897,-0.0029837372544212824,0.0164337195962145,0.0024187064883469784,1.565099640110011,0.001472918646769135,-0.03820394340846683
150,2020-03-19,-0.0582871588503205,0.0066500000000000005,-0.4101580525884256,-0.8784487126943821,9.800000190734863,9.800000190734863,9.300000190734863,9.699999809265137,9.699999809265137,256035,-0.039604015554144244,-0.03960401555414439,-0.0649371588503205,-0.00020767210971027678,0.039396343444434115,0.0023965614972882012,1.5628196308594813,0.0014646319432667244,-0.038187945249031616
151,2020-03-20,0.0636710473208745,0.005200000000000001,-0.2898421368305975,1.3976794712099685,9.699999809265137,10.149999618530272,9.5,9.5,9.5,387006,-0.02061853744307326,-0.020618537443073293,0.0584710473208745,-0.013876340616608253,0.006742196826465039,0.002051237773358262,1.526137040622697,0.0029472766612038638,-0.03676836084585425
152,2020-03-23,-0.0372597165648516,0.00475,0.1649088992521852,-0.7090753331039192,9.5,9.800000190734863,9.5,9.539999961853027,9.539999961853027,193176,0.004210522300318668,0.004210522300318598,-0.0420097165648516,-0.003926432120863419,-0.008136954421182016,0.0019084363277958173,1.5110885490646369,0.0026831030894416607,-0.036578237478249426
153,2020-03-24,0.0444981436038504,0.00505,0.0545652819008912,1.0632848455476025,9.720000267028809,10.0,9.65999984741211,9.800000190734863,9.800000190734863,58016,0.027253692863886982,0.027253692863886902,0.0394481436038504,-0.003388631876578114,-0.030642324740465018,0.0018516346736598055,1.4993089810883364,0.0031611729436911862,-0.03627449322001219
154,2020-03-25,0.0386759180625704,0.0053,0.2269609276747874,0.7139976337549697,9.699999809265137,9.699999809265137,9.56999969482422,9.68000030517578,9.68000030517578,270056,-0.012244886043219935,-0.01224488604322016,0.0333759180625704,-0.005958333010395692,0.006286553032824468,0.0018556520409853065,1.5200997944145693,0.006449497788256013,-0.03467882397320635
155,2020-03-26,0.0094984682404935,0.0051,0.084090332350733,0.373506721240895,9.600000381469728,9.75,9.550000190734863,9.550000190734863,9.550000190734863,245217,-0.013429763465132171,-0.013429763465132027,0.004398468240493499,0.008463362081886073,0.0218931255470181,0.0021891096285471968,1.537965916082916,0.007158206466626092,-0.034605873806316786
156,2020-03-27,-0.0038454235808447,0.0048,0.3040612149939921,-0.3587124654714885,9.56999969482422,9.649999618530272,9.420000076293944,9.550000190734863,9.550000190734863,151007,0.0,0.0,-0.0086454235808447,-0.004957113533782798,-0.004957113533782798,0.0023934771169539367,1.552573055991378,0.006344407882459057,-0.035719726245074135
157,2020-03-30,-0.0071647394694198,0.0046,0.1632855091723755,-0.2433443073475162,9.5,9.5,9.380000114440918,9.449999809265137,9.449999809265137,60005,-0.010471243923821497,-0.010471243923821483,-0.0117647394694198,0.0022769320347162305,0.012748175958537713,0.002496846690592939,1.5725002005996889,0.007846474712130897,-0.035508173741144004
158,2020-03-31,0.0081655804512046,0.0048,-0.0777639961208667,0.4319004296842114,9.460000038146973,9.800000190734863,9.369999885559082,9.800000190734863,9.800000190734863,127116,0.037037078151744826,0.03703707815174484,0.0033655804512046006,-0.0031339657595127694,-0.04017104391125761,0.002853186858600988,1.6572138407676267,0.018712825186180893,-0.033662384910095704
159,2020-04-01,-0.0045765775516939,0.0045000000000000005,0.1452757666083469,-0.1573259488440218,9.529999732971191,10.0,9.529999732971191,10.0,10.0,100080,0.02040814340536656,0.020408143405366452,-0.009076577551693901,-0.0023973280258059236,-0.022805471431172376,0.0028433057978187537,1.6353988506091337,0.015353093162891369,-0.03566765278268062
160,2020-04-06,0.0160509408414301,0.0047,0.0106790121661886,0.3645905073470083,10.0,10.350000381469728,10.0,10.350000381469728,10.350000381469728,52028,0.035000038146972653,0.035000038146972834,0.0113509408414301,-0.001489484873620146,-0.03648952302059298,0.0027345197634530646,1.6155293250678548,0.014721264837329535,-0.03548279825705533
161,2020-04-07,0.0180928927562984,0.00495,-0.0464570550171067,0.4686260099936435,10.350000381469728,10.5,10.25,10.5,10.5,39003,0.014492716232052266,0.01449271623205206,0.013142892756298402,0.00014731910514472618,-0.014345397126907335,0.002745586704630906,1.6179863163061499,0.01467348239973221,-0.03551407393242413
162,2020-04-08,0.0141131031388969,0.005200000000000001,0.0857020518076807,0.039588088134492,10.449999809265137,10.699999809265137,10.399999618530272,10.699999809265137,10.699999809265137,155505,0.01904760088239397,0.019047600882393878,0.0089131031388969,0.005035372473804739,-0.01401222840858914,0.002106581333298204,1.5202134021488722,0.010589120218527988,-0.03476594275482136
163,2020-04-09,-0.0017795406101416,0.00505,0.1431673817340869,-0.131552265297521,10.75,10.75,10.399999618530272,10.600000381469728,10.600000381469728,92192,-0.009345741082053159,-0.009345741082052994,-0.0068295406101416,-0.003838555763826735,0.005507185318226259,-0.0005993968921708744,1.1871042362343747,0.019632116805729218,-0.02554104645793349
164,2020-04-10,0.0037730055192401,0.00505,0.1771866776587396,-0.1848464502542122,10.600000381469728,10.75,10.399999618530272,10.699999809265137,10.699999809265137,110150,0.00943390794308112,0.009433907943080966,-0.0012769944807598998,-0.0015537804867981377,-0.010987688429879103,-0.0011085984939026997,1.1058832250780715,0.022081772429293007,-0.023119887929762693
165,2020-04-13,-0.0057484608071245,0.0051,-0.0226562940000722,-0.0446683628657296,10.649999618530272,10.649999618530272,10.300000190734863,10.5,10.5,180183,-0.018691571292548694,-0.018691571292548725,-0.0108484608071245,0.001637871715295142,0.020329443007843867,-0.001094775636571217,1.1065726222404566,0.022381644290173155,-0.022932205534094387
166,2020-04-14,0.0231424515411105,0.0051,-0.0035123312572271,0.5499088233906776,10.5,10.600000381469728,10.350000381469728,10.399999618530272,10.399999618530272,207000,-0.009523845854259673,-0.009523845854259805,0.0180424515411105,-0.001245201842532277,0.008278644011727527,-0.0015752077830687083,1.0597617016807999,0.018466795056247882,-0.023388950859628124
167,2020-04-15,0.0110587622204511,0.00495,0.0927685311669311,0.1728078300901326,10.399999618530272,10.699999809265137,10.350000381469728,10.649999618530272,10.649999618530272,204697,0.024038462420187087,0.024038462420187034,0.0061087622204510994,0.004415814391312092,-0.019622648028874944,-0.0014190398078890714,1.085933841411869,0.01687592194024642,-0.024878525281233643
168,2020-04-16,-0.0068658993602788,0.0048,0.0314482303070908,-0.0517388091422931,10.699999809265137,10.800000190734863,10.600000381469728,10.649999618530272,10.649999618530272,441637,0.0,0.0,-0.0116658993602788,-0.0008982606491300903,-0.0008982606491300903,-0.0015317791813561714,1.075153149161273,0.016617742759123404,-0.024419759929015808
169,2020-04-17,0.0213541503913787,0.00495,-0.6538040097194706,1.0177905967078218,10.800000190734863,10.800000190734863,10.350000381469728,10.399999618530272,10.399999618530272,389731,-0.02347417924457171,-0.023474179244571736,0.0164041503913787,-0.002075221593579352,0.021398957650992385,-0.0015885782782408017,1.072273243688207,0.016368467407633622,-0.024262958264089383
170,2020-04-20,-0.0009748078790795,0.00505,0.1744818747824021,-0.0360848832247946,10.800000190734863,10.800000190734863,10.449999809265137,10.75,10.75,442254,0.03365388406804466,0.033653884068044926,-0.0060248078790795,-0.00364896938372876,-0.037302853451773685,-0.0018912542709984114,1.0160958716445134,0.018313693326617003,-0.02111945828459135
171,2020-04-21,-0.0281758960208715,0.0048,0.0308119538699744,-0.5128002145117146,11.800000190734863,11.800000190734863,11.75,11.800000190734863,11.800000190734863,225522,0.09767443634742914,0.09767443634742912,-0.032975896020871504,-0.003989984926374776,-0.10166442127380389,-0.001785829907304803,1.0201563687660693,0.018932136997873692,-0.02128929306460896
172,2020-04-22,0.0018778697454719,0.0047,0.0890708687264696,-0.0241827020355419,12.949999809265137,12.949999809265137,12.949999809265137,12.949999809265137,12.949999809265137,239009,0.09745759321539939,0.09745759321539937,-0.0028221302545281,-0.012920837320526865,-0.11037843053592623,-0.0014938059128059486,1.0470628317871968,0.018878743975278427,-0.021838901575543735
173,2020-04-23,0.0057014951787406,0.00455,0.0211794702235923,0.1105106899060078,14.199999809265137,14.199999809265137,13.5,14.199999809265137,14.199999809265137,1850634,0.0965250979467723,0.09652509794677222,0.0011514951787405994,-0.0018600888640249828,-0.0983851868107972,-0.0014227775946213405,1.0531103947623017,0.018828849037695144,-0.021905081025894408
174,2020-04-24,-0.0018472383179533,0.00445,0.0596245609389007,-0.0687084566365286,14.600000381469728,15.300000190734863,14.350000381469728,15.100000381469728,15.100000381469728,1961999,0.06338032283756528,0.06338032283756534,-0.0062972383179533,-0.0018218358683331358,-0.06520215870589847,-0.0012753409066778825,1.0702132438744316,0.01843684097129706,-0.022591103755953773
175,2020-04-27,0.0212526839904916,0.0046,0.0753409959669009,0.3260849264507,15.449999809265137,15.449999809265137,14.600000381469728,14.75,14.75,590134,-0.023178832624351234,-0.023178832624351386,0.0166526839904916,-0.003448539181490314,0.019730293442861074,-0.0013570993598139296,1.0646269728966193,0.01820465751197662,-0.02236879915061435
176,2020-04-28,0.0046170904336466,0.00475,0.2281716189472194,-0.0116179066268692,14.75,14.75,14.25,14.5,14.5,340425,-0.01694915254237288,-0.016949152542372836,-0.00013290956635339957,0.0007681999994565107,0.017717352541829347,-0.0013624463761989143,1.0640396892572381,0.018212480393912912,-0.022344125686946534
177,2020-04-29,0.014709804067669,0.0047,0.0614006183322559,0.321066356358981,13.050000190734863,13.050000190734863,13.050000190734863,13.050000190734863,13.050000190734863,509066,-0.0999999868458715,-0.09999998684587152,0.010009804067669,0.0019249229936669323,0.10192490983953846,-0.0013874475267350393,1.066008250238736,0.018281269178844744,-0.022366337151210995
178,2020-04-30,0.0204154693700421,0.0048,-0.1121160525070704,0.3932369346654372,11.75,13.0,11.75,13.0,13.0,5497924,-0.0038314321842203517,-0.003831432184220329,0.015615469370042101,-0.0064394373868208446,-0.0026080052026005154,-0.0015432019017506998,1.0526484377448,0.01800682060498243,-0.022394844408919364
179,2020-05-04,-0.0247139490923512,0.0047,0.1698667278432812,-0.4938555221729672,12.0,12.550000190734863,12.0,12.100000381469728,12.100000381469728,2245322,-0.06923073988694411,-0.06923073988694395,-0.029413949092351198,-0.0036894430989642436,0.06554129678797971,-0.001382023277950261,1.0673624962784976,0.018180770395165125,-0.022777297569577262
180,2020-05-05,0.0050492030623335,0.0047,0.0681644417057456,0.0536248672072165,12.449999809265137,12.5,11.800000190734863,12.199999809265137,12.199999809265137,1575135,0.008264415259734374,0.008264415259734204,0.00034920306233349966,0.003553084857798334,-0.00471133040193587,-0.0014001337533604739,1.0617132202881838,0.018400798394431768,-0.022553143779468574
181,2020-05-06,3.435086517502944e-05,0.00475,-0.0145862328182188,0.0933550229309267,12.149999618530272,12.149999618530272,11.800000190734863,12.0,12.0,1138220,-0.01639342724524056,-0.01639342724524051,-0.00471564913482497,-0.0013225261173904156,0.015070901127850094,-0.0014614139033334629,1.056985831621149,0.019748725444215343,-0.022452628209714005
182,2020-05-07,0.0063052971021191,0.00475,0.0760026531648998,0.1450448229830226,12.050000190734863,12.100000381469728,11.850000381469728,11.949999809265137,11.949999809265137,696000,-0.0041666825612386065,-0.004166682561238644,0.0015552971021191003,0.0012932806933472285,0.005459963254585872,-0.001520837322165646,1.0355998297340023,0.021983800915366364,-0.021269756517917262
183,2020-05-08,0.0053952256791991,0.0046500000000000005,-0.0268725423739327,0.064230334897458,12.100000381469728,12.550000190734863,12.050000190734863,12.300000190734863,12.300000190734863,1087556,0.029288735318502887,0.029288735318502956,0.0007452256791990993,0.007399555970838416,-0.02188917934766454,-0.002134956468639273,0.8941720661484814,0.0233985586997578,-0.01847493285240235
184,2020-05-11,0.0102591996777942,0.0047,-0.0055175707264306,0.1184531361174539,12.800000190734863,13.5,12.550000190734863,13.5,13.5,2538700,0.09756095858998867,0.09756095858998859,0.005559199677794199,-0.00039894914565925593,-0.09795990773564785,-0.0012682585533916543,0.9675801293540229,0.023265927519213817,-0.02126749983731954
185,2020-05-12,-0.0121480871158683,0.0047,0.1320169406612926,-0.3028336780765425,14.5,14.5,13.699999809265137,13.949999809265137,13.949999809265137,1789174,0.03333331920482494,0.03333331920482485,-0.0168480871158683,0.008177203402162873,-0.02515611580266198,-0.0003423886426733079,1.0505608880906143,0.021766792855530865,-0.024208082134254582
186,2020-05-13,0.005404657227359,0.0047,-0.0847206394685468,0.1615175183945083,13.949999809265137,13.949999809265137,13.300000190734863,13.5,13.5,831257,-0.03225805128443525,-0.03225805128443526,0.0007046572273589997,0.0003161558033388445,0.03257420708777411,0.0001520226539758491,1.0882103136368035,0.02128786988825493,-0.025873450006191692
187,2020-05-14,-0.0143888983525087,0.00455,-0.0530407996618267,-0.25291066212723,13.399999618530272,13.399999618530272,13.0,13.399999618530272,13.399999618530272,605212,-0.00740743566442419,-0.007407435664424367,-0.0189388983525087,-0.0011823941292527181,0.006225041535171649,-0.0005563147656645312,1.0088151161909604,0.022210069251810387,-0.023329042410218232
188,2020-05-15,0.0031574453507054,0.00455,-0.126404896925485,0.3009360018511419,13.300000190734863,13.899999618530272,13.300000190734863,13.350000381469728,13.350000381469728,616707,-0.003731286454023858,-0.0037312864540235413,-0.0013925546492946001,0.0050903141787121565,0.008821600632735698,-0.0006579940766867562,1.005656831207437,0.020633746144510044,-0.023538164519874297
189,2020-05-18,-0.0068766220854833,0.0046,0.1702211698640655,-0.2266160829922665,13.399999618530272,13.550000190734863,13.100000381469728,13.199999809265137,13.199999809265137,445001,-0.011235997596883663,-0.011235997596883762,-0.0114766220854833,-0.0021154865330757265,0.009120511063808037,-0.0013364702566710442,0.9546882319506429,0.018313764340887596,-0.02351215582627581
190,2020-05-19,0.011162429035772,0.0047,0.0270820067828999,0.207560760486838,13.399999618530272,13.699999809265137,13.050000190734863,13.300000190734863,13.300000190734863,287100,0.007575786584446453,0.0075757865844463534,0.0064624290357719995,-0.001743309754848088,-0.009319096339294442,-0.0015733027736639725,0.9273801416475544,0.01929528823785661,-0.02247735212087194
191,2020-05-20,0.0043607232419912,0.00475,-0.0396887005169037,0.2066420373499343,13.550000190734863,13.550000190734863,12.899999618530272,13.149999618530272,13.149999618530272,600548,-0.01127823834988245,-0.011278238349882619,-0.00038927675800879986,-0.00478281367445277,0.006495424675429849,-0.0010997242797791777,1.0190691444864586,0.015429357550987543,-0.02541907968772498
192,2020-05-21,0.0092144857280757,0.0046500000000000005,0.0574079833624909,0.2398000102619823,13.199999809265137,13.199999809265137,12.75,13.0,13.0,439066,-0.0114068154282607,-0.011406815428260608,0.0045644857280757,0.0008096833088560053,0.012216498737116614,-0.0010565700194285,1.0229221206710726,0.015402235151263568,-0.025557343207337487
193,2020-05-22,-0.0179100322740926,0.0046500000000000005,0.0389975842241394,-0.4340271287438806,12.949999809265137,12.949999809265137,12.600000381469728,12.649999618530272,12.649999618530272,450048,-0.026923106266902044,-0.026923106266902197,-0.0225600322740926,-0.00183139259059431,0.025091713676307886,-0.0010792803226946986,1.0251722498582736,0.015326650174457841,-0.025687232840849693
194,2020-05-25,0.0055525355495059,0.0046500000000000005,0.123499899535636,0.1666903721993608,12.75,12.75,12.100000381469728,12.350000381469728,12.350000381469728,465533,-0.023715355423497,-0.023715355423496676,0.0009025355495058994,0.003866299081791991,0.027581654505288666,-0.0011039127161750154,1.0245319927160028,0.01514560346455144,-0.02573703274373553
195,2020-05-26,0.0115930632240779,0.0047,0.0143327019937452,0.2210703193461564,12.449999809265137,12.550000190734863,12.100000381469728,12.350000381469728,12.350000381469728,456702,0.0,0.0,0.006893063224077899,-0.011086822404182765,-0.011086822404182765,-0.0006990281002856403,1.0669663057949181,0.013617322658413231,-0.02755512248662324
196,2020-05-27,0.0015867838637694,0.0047,0.0013078662718098,0.0143394772442176,12.399999618530272,12.600000381469728,12.0,12.050000190734863,12.050000190734863,338127,-0.024291512669504987,-0.024291512669505133,-0.0031132161362306,0.0007529807564972931,0.025044493426002425,0.0009206432895250156,1.2461518446043856,0.008158114008058567,-0.03485484266996956
197,2020-05-28,-0.0063978121487945,0.0047,0.0532533814938428,-0.1403634709074599,12.100000381469728,12.5,12.050000190734863,12.199999809265137,12.199999809265137,273192,0.012448100925808017,0.012448100925807948,-0.0110978121487945,-0.0037308737868838233,-0.016178974712691772,0.001003783471386682,1.240459660295698,0.008941651111439963,-0.03494384647039912
198,2020-05-29,-0.0001855115232637,0.0046500000000000005,0.0518701421123556,-0.1133894853826598,12.25,12.350000381469728,12.100000381469728,12.350000381469728,12.350000381469728,194880,0.012295129061450787,0.012295129061451027,-0.0048355115232637,-0.0027970741337775664,-0.015092203195228592,0.0006690055291986665,1.2092127847451009,0.01046298852374245,-0.0336523713359234
199,2020-06-01,0.0125075280425161,0.0047,0.054136935879676,0.2994156953924635,12.399999618530272,12.600000381469728,12.300000190734863,12.449999809265137,12.449999809265137,197101,0.008097119409441638,0.008097119409441467,0.0078075280425161,-0.0008137254053619345,-0.008910844814803401,0.0006821776678333537,1.2098511604990878,0.010365242931491063,-0.03372213530165048
200,2020-06-02,0.0044146646832819,0.0047,-0.105908312028147,0.031448689781491,12.699999809265137,12.699999809265137,12.449999809265137,12.600000381469728,12.600000381469728,233306,0.012048238915872212,0.012048238915872256,-0.00028533531671809994,-0.0002508680028511052,-0.012299106918723362,0.0006740058529069641,1.2071062791211324,0.010378942456459641,-0.033577514523320584
201,2020-06-03,0.0172745941202281,0.00475,-0.0127496374537018,0.3078516069164045,12.699999809265137,12.699999809265137,12.5,12.550000190734863,12.550000190734863,233512,-0.0039682689858006985,-0.003968268985800827,0.012524594120228098,-0.002172639617854262,0.0017956293679465647,0.0006313958518315026,1.2065215383207264,0.010015545961032614,-0.033523864463061326
202,2020-06-04,0.0064548832782773,0.0048,-0.1017378392260895,0.2580414670880054,12.600000381469728,12.600000381469728,12.300000190734863,12.399999618530272,12.399999618530272,333588,-0.011952236647400926,-0.011952236647401082,0.0016548832782773007,0.0008680942710934309,0.012820330918494513,0.000642941998151093,1.207640562491398,0.01000084224235355,-0.03355920689930344
203,2020-06-05,0.0075632562784849,0.00485,-0.1089516850996436,0.2115678009937657,12.5,12.649999618530272,12.399999618530272,12.600000381469728,12.600000381469728,398001,0.016129094281630188,0.016129094281630563,0.0027132562784849,-0.0027622346432501013,-0.018891328924880664,0.0006252088954325577,1.2087309962390274,0.009962502906972152,-0.03366740229356606
204,2020-06-08,0.0114047700594117,0.0039700000000000004,-0.1560381773424288,0.29826921094219,12.649999618530272,12.649999618530272,12.399999618530272,12.600000381469728,12.600000381469728,434536,0.0,0.0,0.007434770059411699,0.0004409906497613062,0.0004409906497613062,0.0005900933071382639,1.209286538828564,0.009507739522043535,-0.03390916853510992
205,2020-06-09,0.0023074332439956,0.0043,-0.0265855672143963,0.1215160713148501,12.649999618530272,12.649999618530272,12.449999809265137,12.449999809265137,12.449999809265137,218369,-0.011904806957402094,-0.011904806957402259,-0.0019925667560044,-0.00038735266284242796,0.011517454294559831,0.00043516331091247515,1.1983366794275536,0.010235403984853208,-0.03300781411414481
206,2020-06-10,0.0071366346265118,0.0043,-0.0081920139027247,0.2513408647802331,12.5,12.600000381469728,12.25,12.600000381469728,12.600000381469728,469353,0.012048238915872212,0.012048238915872256,0.0028366346265118,7.574201982967236e-07,-0.012047481495673959,0.0004956945192345857,1.21548005531861,0.00857117674484181,-0.03412900680386822
207,2020-06-11,-0.01573277348959,0.00415,-0.1126688332755736,-0.1076945983939603,12.300000190734863,12.449999809265137,12.100000381469728,12.449999809265137,12.449999809265137,483873,-0.011904806957402094,-0.011904806957402259,-0.01988277348959,-0.0003291428164358687,0.01157566414096639,0.0004309104873712604,1.2090676482475176,0.008681972470222978,-0.033920258455390144
208,2020-06-12,-0.0091739958288705,0.00395,0.0931882099587658,-0.1689460805018207,12.050000190734863,12.25,12.0,12.25,12.25,264001,-0.01606424195414841,-0.01606424195414846,-0.013123995828870501,-0.0038841537453461338,0.012180088208802328,0.00018989606482248435,1.18711431871667,0.009415254895299222,-0.03296005481375991
209,2020-06-15,-0.0108207619123944,0.004050000000000001,0.1430441227426059,-0.3323785724780726,12.199999809265137,12.199999809265137,11.899999618530272,11.899999618530272,11.899999618530272,534232,-0.028571459711814413,-0.028571459711814517,-0.0148707619123944,-0.004466933354952242,0.024104526356862277,0.0002575114292868103,1.1895125265735889,0.009400280871330905,-0.033147013990430775
210,2020-06-16,0.0181651480746026,0.004050000000000001,0.0285539871557325,0.3651425940350072,11.949999809265137,12.050000190734863,11.899999618530272,12.050000190734863,12.050000190734863,264039,0.012605090505298342,0.012605090505298566,0.0141151480746026,-0.0045201093092995925,-0.01712519981459816,0.0003751502843657704,1.201589205660254,0.009053978498404065,-0.033701875250711014
211,2020-06-17,0.0019936512967216,0.004,0.0543582138493629,0.0029223762058166,12.050000190734863,12.100000381469728,11.899999618530272,11.949999809265137,11.949999809265137,322007,-0.008298786712602375,-0.008298786712602424,-0.0020063487032784,0.003477562312177653,0.011776349024780077,0.00038670324196981936,1.2020477763140882,0.009141764000964787,-0.0336654912832935
212,2020-06-18,0.001191220022656,0.00395,0.066823190856745,0.0128831249935605,11.949999809265137,12.100000381469728,11.899999618530272,12.100000381469728,12.100000381469728,248132,0.012552349338808408,0.012552349338808666,-0.0027587799773440003,-0.0018172232253995037,-0.01436957256420817,0.0005630954147271797,1.2218185435996973,0.008227080808267147,-0.034574141827832014
213,2020-06-19,0.000132510365321,0.004,-0.0811334635107942,0.1082344930287377,12.100000381469728,12.100000381469728,11.899999618530272,11.899999618530272,11.899999618530272,286067,-0.016528988151582193,-0.016528988151582436,-0.003867489634679,-0.004374773155435499,0.012154214996146936,0.00036220399042739804,1.1995037930194428,0.008763833329868503,-0.03380088746969093
214,2020-06-22,0.0019973692525536,0.004,0.0463677426891412,-0.0109403388503077,11.949999809265137,12.0,11.850000381469728,11.850000381469728,11.850000381469728,384000,-0.004201616694398021,-0.00420161669439767,-0.0020026307474464,-0.0015143371983641553,0.0026872794960335145,0.0003154796600224946,1.1968459879888904,0.008984532995557994,-0.03373748201240486
215,2020-06-23,0.0034071462565861,0.004050000000000001,-0.1288255830855488,0.1214780066924885,11.850000381469728,11.850000381469728,11.699999809265137,11.699999809265137,11.699999809265137,291058,-0.01265827572791906,-0.012658275727919222,-0.0006428537434139008,-0.0013683707211979029,0.011289905006721319,0.00048069991245415587,1.2129908210675535,0.008162012421162733,-0.03439218496159747
216,2020-06-24,0.0041601852551879,0.004,-0.0986491010322492,0.118486431880635,11.800000190734863,11.800000190734863,11.5,11.800000190734863,11.800000190734863,350000,0.008547041290593617,0.008547041290593693,0.00016018525518789965,0.0010367902208051486,-0.007510251069788545,0.00045296906257458755,1.2099693928786834,0.008310329684482337,-0.03426984633976416
217,2020-06-29,-0.0101237583670937,0.0039000000000000003,0.0515273335916976,-0.2975465588937111,11.600000381469728,11.699999809265137,11.449999809265137,11.449999809265137,11.449999809265137,254499,-0.029661048797655125,-0.029661048797655076,-0.0140237583670937,-0.004292070445255108,0.025368978352399967,0.00040879211861315754,1.2078257615896217,0.008395388807963446,-0.03420726173008594
218,2020-06-30,0.0068112886319832,0.00395,0.0324868030260672,0.1742785704155404,11.449999809265137,11.5,11.199999809265137,11.350000381469728,11.350000381469728,453858,-0.008733574625432953,-0.008733574625432783,0.0028612886319831993,-0.009760166279134376,-0.0010265916537015932,0.0004340463165400717,1.2067503281268461,0.008574441071391246,-0.03402572591928289
219,2020-07-01,0.0070715075020062,0.00395,0.0414103819324948,0.3134641382579713,11.25,11.300000190734863,11.0,11.300000190734863,11.300000190734863,445807,-0.004405303000385335,-0.004405303000385441,0.0031215075020061996,-0.0048806587805163525,-0.0004753557801309115,0.00041673547548445183,1.2021956674025396,0.008532524585470139,-0.033896445906144865
220,2020-07-02,0.0086914532026979,0.004,0.0791250493894168,0.2770781759185565,11.399999618530272,11.399999618530272,11.0,11.199999809265137,11.199999809265137,1208511,-0.008849591131132832,-0.008849591131132817,0.0046914532026979,0.003578544723103664,0.01242813585423648,0.00040963103097519456,1.2059125599286153,0.008263272086358039,-0.03400803902045202
221,2020-07-03,0.008811459322827,0.00395,-0.1544400593992031,0.4138067236096044,11.399999618530272,11.399999618530272,10.949999809265137,11.100000381469728,11.100000381469728,487010,-0.008928520490927705,-0.008928520490927516,0.004861459322827,-0.0021074210476436216,0.006821099443283895,0.00022237527193220345,1.1924979774523075,0.00823380235120786,-0.03316763214740455
222,2020-07-06,0.0174269248494052,0.00395,-0.0566837367151953,0.4735175954803353,11.100000381469728,11.149999618530272,10.899999618530272,10.899999618530272,10.899999618530272,622069,-0.018018086132080967,-0.018018086132081335,0.013476924849405198,0.0037399132734967605,0.021757999405578096,0.0002565243977852487,1.1960620975503402,0.008213564873527715,-0.033258660856988365
223,2020-07-07,-0.0019584926892208,0.00395,-0.0700593485227764,0.0331859324923939,10.899999618530272,11.0,10.649999618530272,10.899999618530272,10.899999618530272,494001,0.0,0.0,-0.0059084926892208,0.0029368823262263706,0.0029368823262263706,0.00016802248795264258,1.1880876021438904,0.008335605311376655,-0.03293462598156197
224,2020-07-08,0.0063855864085546,0.00395,-0.0469445845677373,0.2608553923118061,10.899999618530272,11.0,10.899999618530272,10.949999809265137,10.949999809265137,267104,0.004587173622452399,0.004587173622452534,0.0024355864085546,0.002698124987096545,-0.0018890486353559891,0.00023496635633968223,1.1927861810819824,0.00837972836473414,-0.03310056906029537
225,2020-07-09,0.0018487796168837,0.00395,-0.0631573804652977,0.2000898716139275,11.0,12.0,10.949999809265137,12.0,12.0,949831,0.09589043004790058,0.09589043004790065,-0.0021012203831163004,-0.0036821716040498667,-0.09957260165195052,0.00017267201707066022,1.1890616611763503,0.00870831267329038,-0.03292709370709274
226,2020-07-10,-0.0097608270195826,0.00395,-0.2673918250289104,0.0104643175116319,12.300000190734863,13.199999809265137,12.300000190734863,12.399999618530272,12.399999618530272,2026813,0.03333330154418945,0.03333330154418923,-0.013710827019582601,-0.0012461501544141162,-0.034579451698603346,0.00010686047368595165,1.1827116869144805,0.008847701882858938,-0.032657780154750134
227,2020-07-13,0.0114198725145283,0.00395,-0.0693893081411266,0.2709910329686769,12.399999618530272,12.5,11.850000381469728,11.850000381469728,11.850000381469728,626705,-0.04435477854681872,-0.04435477854681846,0.007469872514528299,-0.0004061730118282499,0.043948605534990214,-2.3293208495899984e-05,1.1693603419306082,0.009602974120461566,-0.03204515041841627
228,2020-07-14,-0.0002088025426087,0.004,-0.2815814049157724,0.2271472442758948,11.850000381469728,11.850000381469728,11.550000190734863,11.649999618530272,11.649999618530272,230000,-0.016877700970558747,-0.016877700970559073,-0.0042088025426087,-0.001175764832048788,0.015701936138510286,8.284411404654423e-05,1.1802741170687974,0.009055738056931035,-0.03253088169934816
229,2020-07-15,-0.0005045582212035,0.00395,0.0579900964564396,-0.031381348891363,11.699999809265137,11.699999809265137,11.350000381469728,11.399999618530272,11.399999618530272,298003,-0.021459228170476043,-0.021459228170476075,-0.004454558221203501,-0.0015406508909353387,0.019918577279540738,-0.00019456172776922053,1.1543244095482719,0.010056524131464559,-0.0310502319251717
230,2020-07-16,-0.0036966263163109,0.00395,0.1100625723481958,-0.2813168255668011,11.449999809265137,11.850000381469728,11.199999809265137,11.399999618530272,11.399999618530272,313304,0.0,0.0,-0.0076466263163109,-0.00025495057810373187,-0.00025495057810373187,-0.00024834959533103374,1.1507301915175037,0.009984665584338952,-0.030993755937851485
231,2020-07-17,0.0019591910567518,0.00385,-0.4043694837870155,0.3049133326350621,11.25,11.600000381469728,11.25,11.300000190734863,11.300000190734863,281770,-0.008771879924703227,-0.008771879924703074,-0.0018908089432482,-0.0007896256688629576,0.007982254255840118,-0.0002373127606735692,1.1530203650877393,0.00984342568816731,-0.03113210682940129
232,2020-07-20,-0.0005762424104633,0.00375,0.0976727138877389,0.0150656449140635,11.350000381469728,11.600000381469728,11.25,11.5,11.5,182001,0.017699097866309885,0.017699097866309854,-0.0043262424104633,-0.0036558425045364433,-0.021354940370846297,-0.00022109812050824388,1.1584676388216515,0.009304199741786647,-0.03153813450514899
233,2020-07-21,0.0183177158980515,0.00375,-0.3239075586689379,0.8472946455325874,11.550000190734863,12.100000381469728,11.5,11.75,11.75,348693,0.021739130434782608,0.021739130434782705,0.0145677158980515,0.0010969368759506308,-0.020642193558832074,-0.0002265244275386374,1.1590434158771505,0.009356427312596555,-0.03159937181187981
234,2020-07-22,0.0061076364084353,0.00375,-0.0242514772301113,0.1756296395822138,12.100000381469728,12.899999618530272,11.800000190734863,12.5,12.5,1476616,0.06382978723404255,0.06382978723404253,0.0023576364084353,-0.003502186825297987,-0.06733197405934052,-0.0003495698340972419,1.14879222708587,0.00944263698325759,-0.03155659693183172
235,2020-07-23,-0.0048286852165427,0.0037,0.0501335894551018,0.0025557055461266,12.199999809265137,12.300000190734863,11.949999809265137,11.949999809265137,11.949999809265137,586045,-0.04400001525878906,-0.04400001525878905,-0.0085286852165427,-0.0037593319338577774,0.04024068332493127,-0.00031848809637384273,1.1510754544068467,0.009277743346798008,-0.03167539945335706
236,2020-07-24,-0.0087810882472777,0.00365,-0.320910326920872,0.1048128321822547,12.25,12.399999618530272,11.850000381469728,11.899999618530272,11.899999618530272,392100,-0.004184116446269469,-0.004184116446269592,-0.0124310882472777,-0.008775439525455207,-0.004591323079185614,-0.0003013831776525495,1.1510437986229547,0.00928599835851611,-0.03161697605519887
237,2020-07-27,0.0231029616875872,0.0037,-1.0734302807044371,1.6500612412857587,11.949999809265137,12.600000381469728,11.899999618530272,12.25,12.25,415084,0.029411797704994705,0.029411797704994802,0.0194029616875872,-0.0006962050157748954,-0.030108002720769696,-0.00025630799218600685,1.1201794989087035,0.00957654696777186,-0.029845492443113908
238,2020-07-28,-0.0001246662346662,0.0037,-0.3018001008693896,0.2030721552628761,12.25,12.600000381469728,11.949999809265137,12.0,12.0,501706,-0.02040816326530612,-0.020408163265306145,-0.0038246662346662,0.001457188236846164,0.02186535150215231,2.3754008535460495e-05,1.1370771212840576,0.005622827777067069,-0.03137402870869949
239,2020-07-29,-0.0036356337574013,0.0037,0.4186743050451745,-0.322867794320571,12.0,12.300000190734863,11.949999809265137,12.300000190734863,12.300000190734863,322095,0.02500001589457194,0.025000015894572014,-0.007335633757401301,0.005853425901348474,-0.01914658999322354,-0.00048710529248752925,1.0832757228936505,0.00753444033169438,-0.029417378261217195
240,2020-07-30,0.0145084630040306,0.00365,-0.1019683775312625,0.4792219406928475,12.300000190734863,13.050000190734863,12.25,12.699999809265137,12.699999809265137,815500,0.0325202936851642,0.03252029368516429,0.0108584630040306,0.00010745546553469175,-0.0324128382196296,-0.0005314061601912712,1.0799651089619144,0.008069694530482185,-0.029226234208442142
241,2020-07-31,-0.0045681429690972,0.00365,0.1661223391931421,-0.2216668978676281,12.800000190734863,13.050000190734863,12.5,12.550000190734863,12.550000190734863,317007,-0.01181099376244423,-0.01181099376244421,-0.0082181429690972,0.0011535478849802284,0.01296454164742444,-0.00066680235021344,1.0695407041225704,0.008151298334964556,-0.02878251921766812
242,2020-08-03,-0.0119835712834423,0.00365,0.1416847581648233,-0.3262788107551108,12.550000190734863,12.600000381469728,12.199999809265137,12.25,12.25,264462,-0.023904397304817637,-0.023904397304817637,-0.0156335712834423,0.0038146305179265257,0.027719027822744165,-0.000729901311501616,1.0625520077826593,0.008331112683005534,-0.028446048791140193
243,2020-08-04,0.0157347696069636,0.0034999999999999996,-0.1219010748395781,0.5226719102673174,12.550000190734863,12.550000190734863,12.199999809265137,12.25,12.25,130163,0.0,0.0,0.0122347696069636,0.0044239438518900095,0.0044239438518900095,-0.0007076805496475783,1.0647803112080303,0.008076651831947671,-0.028563165873076748
244,2020-08-05,0.0072683292562296,0.00345,0.0827900862717026,0.1644154863335691,12.25,12.399999618530272,12.100000381469728,12.25,12.25,266914,0.0,0.0,0.0038183292562295997,0.0020252029208575966,0.0020252029208575966,-0.0006815746686184834,1.0614465099703603,0.00863458807728684,-0.028330457967886594
245,2020-08-06,0.0086859546338529,0.0034000000000000002,-0.1437637220655483,0.1789510923113188,12.25,12.699999809265137,12.25,12.350000381469728,12.350000381469728,232413,0.00816329644650829,0.008163296446508372,0.0052859546338529,-0.03675894477060102,-0.044922241217109395,-0.0008172673470367826,1.0348758119182133,0.008483089399363196,-0.026583285428950575
246,2020-08-07,-0.0065535976158671,0.00365,0.0679470505306037,-0.1883500897584674,12.399999618530272,12.600000381469728,12.100000381469728,12.399999618530272,12.399999618530272,383009,0.004048521094425801,0.004048521094425439,-0.0102035976158671,0.002298611714406687,-0.0017499093800187522,-0.00039140061146995765,1.0716532079820664,0.007498564665566039,-0.027816558170436295
247,2020-08-10,0.0050768214361483,0.00345,-0.0432175873072804,-0.0802501721566685,12.399999618530272,12.649999618530272,12.25,12.600000381469728,12.600000381469728,331106,0.016129094281630188,0.016129094281630563,0.0016268214361483003,-0.004527604982130122,-0.020656699263760684,-0.0003231424510767209,1.095633609066223,0.00630644324845986,-0.028897141591633216
248,2020-08-11,-0.008826552684388,0.0034999999999999996,0.1105834119007956,-0.2739195675859149,12.5,12.5,12.199999809265137,12.199999809265137,12.199999809265137,188000,-0.03174607619797007,-0.03174607619797021,-0.012326552684388,0.003257645286963576,0.03500372148493378,-0.00028314370326402126,1.0965806273541896,0.005457549442901779,-0.029102751171678754
249,2020-08-12,-0.008594615308497,0.0035499999999999998,0.2011267496469397,-0.3368723512822325,12.149999618530272,12.149999618530272,11.899999618530272,11.949999809265137,11.949999809265137,148000,-0.020491803599057487,-0.020491803599057445,-0.012144615308497,-0.00018908129367606915,0.020302722305381375,-0.0009407552191456454,0.9963279209184284,0.0005717780577558489,-0.024034484602366898
250,2020-08-13,0.007322629311574,0.0036,-0.1472718423006916,0.4444832765339925,12.0,12.350000381469728,11.949999809265137,12.350000381469728,12.350000381469728,178075,0.033472851764772354,0.03347285176477244,0.003722629311574,0.008013897400991774,-0.025458954363780664,-0.0010750111812732402,0.9830267995009428,0.0017851262230966806,-0.02333013845728014
251,2020-08-14,0.0025330838455649,0.00365,0.2475973658960618,-0.1172165931680122,12.350000381469728,12.899999618530272,12.25,12.5,12.5,481001,0.012145717724457475,0.012145717724457272,-0.0011169161544351,-0.004780955689685151,-0.016926673414142425,-0.0010156868751331825,0.982775892927834,0.0032661639165941594,-0.02316235394782121
252,2020-08-17,0.0125552650014489,0.0037,-0.0309391800353776,0.2464222786486569,12.949999809265137,12.949999809265137,12.350000381469728,12.399999618530272,12.399999618530272,142104,-0.008000030517578124,-0.00800003051757825,0.0088552650014489,-0.00283856028714109,0.005161470230437159,-0.0009091259856569738,0.9887230335100683,0.0032285672752533153,-0.022954310977302456
253,2020-08-18,-0.0064811660943342,0.0037,0.1083154400339848,-0.2319813076408403,12.399999618530272,12.5,12.25,12.449999809265137,12.449999809265137,159595,0.004032273570407547,0.004032273570407696,-0.0101811660943342,0.0027597693000055365,-0.0012725042704021597,-0.0009967537674435106,0.9814597558643999,0.0032103519551843914,-0.022615087791363547
254,2020-08-19,-0.0072637496604031,0.00365,0.1458091193769374,-0.1161202954721817,12.449999809265137,12.899999618530272,12.399999618530272,12.5,12.5,382001,0.004016079638624071,0.004016079638624159,-0.0109137496604031,0.004222611402747347,0.00020653176412318772,-0.0010787542757877172,0.9782878002761941,0.0031246525944008106,-0.022313546899374856
255,2020-08-20,-0.0325543259255194,0.00365,-0.0610171777447258,-0.6380260254680935,12.550000190734863,12.550000190734863,11.550000190734863,12.199999809265137,12.199999809265137,1253093,-0.024000015258789063,-0.02400001525878903,-0.0362043259255194,0.00014542938962479432,0.024145444648413825,-0.0010873355865046604,0.9777533240340832,0.0031341489742330707,-0.022327774559850515
256,2020-08-21,0.0198339676869486,0.0037,-0.002067122038254,0.4939376339410327,12.399999618530272,12.399999618530272,12.050000190734863,12.149999618530272,12.149999618530272,122399,-0.004098376353816929,-0.004098376353817046,0.0161339676869486,0.0013721007604466182,0.005470477114263664,-0.0010986371859228916,0.977063714530612,0.003087543639790795,-0.022327348923786433
257,2020-08-24,0.0031163180647458,0.00365,-0.001743966397652,0.1785792948821456,12.149999618530272,12.149999618530272,11.800000190734863,12.0,12.0,137005,-0.01234564800327279,-0.012345648003272647,-0.0005336819352541999,-0.0015920703868631415,0.010753577616409505,-0.0010160454683533077,0.9867399283477967,0.002663858287694937,-0.022748180469536708
258,2020-08-25,0.0087861924576668,0.0037,-0.0427483786575471,0.1102262851449583,12.0,12.100000381469728,11.899999618530272,12.0,12.0,1185003,0.0,0.0,0.0050861924576668,0.0027777747323763317,0.0027777747323763317,-0.0009679095054058644,0.9905775543279682,0.0025550046221234426,-0.02295739246520546
259,2020-08-26,0.0058816874620343,0.0039000000000000003,-0.1034558959541103,0.1630462662959132,11.949999809265137,12.0,11.850000381469728,11.949999809265137,11.949999809265137,133027,-0.0041666825612386065,-0.004166682561238644,0.0019816874620342995,0.004376529462232568,0.008543212023471213,-0.0007484957058801435,1.017242815828834,0.0015382068403616408,-0.024172107355503295
260,2020-08-27,-0.0028036823480558,0.00375,-0.0294961554422006,0.011138802916142,12.0,12.0,11.800000190734863,11.800000190734863,11.800000190734863,179002,-0.012552269533425009,-0.012552269533425031,-0.006553682348055799,-0.00240487904883168,0.01014739048459335,-0.0009454820940324607,1.0017077188809387,0.0018587942741323856,-0.0232830170940426
261,2020-08-28,-0.0053495588710548,0.0039000000000000003,0.1645882355292901,-0.2495952126993912,11.899999618530272,11.899999618530272,11.600000381469728,11.699999809265137,11.699999809265137,192001,-0.00847460846214604,-0.008474608462146094,-0.009249558871054801,-0.0025644668729467995,0.005910141589199294,-0.0010732675946351507,0.9917595170641802,0.0017688729038571158,-0.022752745044987397
262,2020-08-31,-0.0107943308530649,0.00385,0.2431054563390475,-0.4401907575675876,11.699999809265137,11.699999809265137,11.399999618530272,11.449999809265137,11.449999809265137,436929,-0.021367521715857377,-0.02136752171585743,-0.0146443308530649,-0.004567836407595565,0.016799685308261862,-0.0011577417921171218,0.9685102473639849,0.0022872516300787506,-0.021369935068804795
263,2020-09-01,0.0088814295724754,0.0039000000000000003,-0.1429534136895756,0.3643064448678693,11.350000381469728,11.600000381469728,11.199999809265137,11.550000190734863,11.550000190734863,239412,0.008733657915767652,0.008733657915767745,0.0049814295724753994,-0.0012501806130790713,-0.009983838528846817,-0.0011084767369765605,0.9726894472401335,0.0024838420998344046,-0.02149231322439629
264,2020-09-02,-0.0002975824634369,0.0038,0.053228859677187,-0.0149386093200384,11.550000190734863,11.600000381469728,11.449999809265137,11.449999809265137,11.449999809265137,102001,-0.00865804154271309,-0.008658041542713102,-0.0040975824634369,-0.004663463116238463,0.003994578426474639,-0.0012596936685583709,0.9558517840769433,0.0029448882392555976,-0.02088689904188608
265,2020-09-03,0.0046040967410134,0.0038,-0.025645893236169,0.0819113783397195,11.449999809265137,11.699999809265137,11.300000190734863,11.350000381469728,11.350000381469728,96722,-0.008733574625432953,-0.008733574625432783,0.0008040967410134002,-0.006281894521881125,0.002451680103551658,-0.0012155889385239915,0.9595637855101679,0.0028719393966248766,-0.021082304032336976
266,2020-09-04,-0.0094074162129508,0.0039000000000000003,0.1141226274279733,-0.3514028839450246,11.350000381469728,11.449999809265137,11.300000190734863,11.300000190734863,11.300000190734863,178463,-0.004405303000385335,-0.004405303000385441,-0.0133074162129508,-0.005703674445228074,-0.0012983714448426328,-0.0012357999957369559,0.9532753897239425,0.003281058102446892,-0.02080219909665012
267,2020-09-07,-0.0028920674731774,0.00395,-0.0494855975978256,-0.3358527947388587,11.350000381469728,11.550000190734863,11.300000190734863,11.5,11.5,231001,0.017699097866309885,0.017699097866309854,-0.0068420674731774,0.004788462399430817,-0.012910635466879037,-0.0012539310968198378,0.9532862108448925,0.003525460481520296,-0.02063534675073611
268,2020-09-08,0.0049327199962429,0.00395,-0.1214730616645827,0.2469553138935672,11.5,11.5,11.399999618530272,11.399999618530272,11.399999618530272,122733,-0.008695685345193615,-0.008695685345193715,0.0009827199962428998,0.0023010631274295664,0.010996748472623281,-0.001311234985075946,0.9483202731833696,0.003387147194767782,-0.020663396523544722
269,2020-09-09,-0.0043415511951623,0.0039000000000000003,0.0736916236791531,-0.2523603138344262,11.449999809265137,11.449999809265137,11.199999809265137,11.25,11.25,212201,-0.013157861714877137,-0.013157861714876984,-0.008241551195162301,0.005420023067960311,0.018577884782837294,-0.001322194789240181,0.9502677746838266,0.0032368005669169567,-0.020812609368133065
270,2020-09-10,0.0065962956462713,0.00385,-0.1911608382714674,0.286752087289973,11.300000190734863,11.75,11.300000190734863,11.449999809265137,11.449999809265137,150279,0.017777760823567707,0.017777760823567634,0.0027462956462712997,-0.007055876253702599,-0.024833637077270234,-0.0013892347270471287,0.9424693407944604,0.003509857008481742,-0.020485624680039224
271,2020-09-11,-0.0012448877962061,0.0038,-0.1336702385657074,0.1108446270757222,11.550000190734863,11.550000190734863,11.350000381469728,11.350000381469728,11.350000381469728,149000,-0.008733574625432953,-0.008733574625432783,-0.0050448877962061,-0.015001202733560502,-0.006267628108127719,-0.0014354536806880983,0.9376218098262726,0.0037320260216426376,-0.020279464299285652
272,2020-09-14,0.0088253831439688,0.004050000000000001,-0.033520869304485,0.2887738493840306,11.399999618530272,11.399999618530272,11.25,11.300000190734863,11.300000190734863,147074,-0.004405303000385335,-0.004405303000385441,0.004775383143968799,0.00013422838369258174,0.004539531384078022,-0.0014680881103498855,0.9361214812783158,0.0038359019742382323,-0.02019328305097479
273,2020-09-15,0.0045222779732423,0.004050000000000001,-0.0521188543224072,0.152405053382243,11.399999618530272,11.399999618530272,11.300000190734863,11.350000381469728,11.350000381469728,153105,0.004424795565566416,0.004424795565566519,0.00047227797324229936,-0.0032942513785899916,-0.007719046944156511,-0.0015210651302661135,0.9317273481641661,0.00383301340123214,-0.01997813068306796
274,2020-09-16,0.0102065190171831,0.0039000000000000003,-0.2614945842489862,0.5355825488505698,11.350000381469728,11.600000381469728,11.300000190734863,11.600000381469728,11.600000381469728,193052,0.022026430977760653,0.02202643097776069,0.006306519017183099,-0.027156332448754157,-0.04918276342651485,-0.0016591313879433592,0.9203665473491943,0.0037373251800620123,-0.01934414800829425
275,2020-09-17,-0.0080158323902661,0.0039000000000000003,0.2476445737894785,-0.3318741147098223,11.550000190734863,11.550000190734863,11.449999809265137,11.5,11.5,90226,-0.008620722256998448,-0.008620722256998614,-0.0119158323902661,-0.02102362136800098,-0.012402899111002366,-0.001623621586501268,0.922421975014475,0.0035749179263247937,-0.019367418009640834
276,2020-09-18,0.0002237194847457,0.0038,0.1223393084464789,-0.0429850281139391,11.5,12.0,11.5,11.899999618530272,11.899999618530272,462784,0.034782575524371605,0.03478257552437136,-0.0035762805152543,-0.019372360103961622,-0.054154935628332984,-0.0016602697747898714,0.9199270890907082,0.003591210758192873,-0.019267117605868564
277,2020-09-21,-0.0062521260543048,0.00385,-0.0052037832240131,-0.1195466084889422,12.0,12.100000381469728,11.850000381469728,11.850000381469728,11.850000381469728,567296,-0.004201616694398021,-0.00420161669439767,-0.0101021260543048,-0.01841018712222777,-0.014208570427830101,-0.0017503403405249144,0.9106004345200471,0.003915437036051718,-0.018877437725418722
278,2020-09-22,-0.0116927664759888,0.0039000000000000003,-0.0423314086663366,-0.2114508246130044,11.800000190734863,11.949999809265137,11.649999618530272,11.699999809265137,11.699999809265137,542002,-0.01265827572791906,-0.012658275727919222,-0.015592766475988801,-0.010398599170934998,0.002259676556984223,-0.0017641682469579593,0.909262106218248,0.003955673365181661,-0.018804284437260052
279,2020-09-23,-0.0048736574447976,0.0039000000000000003,-0.0233897700909881,0.0011876679715231,11.899999618530272,11.899999618530272,11.699999809265137,11.699999809265137,11.699999809265137,307000,0.0,0.0,-0.0087736574447976,-0.03753830035997913,-0.03753830035997913,-0.0014185901434534244,0.9520782545770814,0.0021128714214642998,-0.020905421947468417
280,2020-09-24,-0.0253896256937722,0.00415,-0.0720035146317681,-0.4399937609533346,11.800000190734863,11.850000381469728,11.699999809265137,11.699999809265137,11.699999809265137,453477,0.0,0.0,-0.0295396256937722,0.03124792920449072,0.03124792920449072,-0.001445858766142077,0.9504253389016402,0.0022475994700799787,-0.020854274706997678
281,2020-09-25,-0.0025659451894997,0.0040999999999999995,-0.0412917223873278,-0.1427808049599956,11.699999809265137,11.800000190734863,11.449999809265137,11.699999809265137,11.699999809265137,442132,0.0,0.0,-0.006665945189499699,-0.02010217829991802,-0.02010217829991802,-0.0015916248117086704,0.9347340325062274,0.0027555364964650794,-0.020081852497451636
282,2020-09-28,0.0187894463736877,0.0040999999999999995,-0.020463530132442,0.3228520979113636,11.600000381469728,11.75,11.600000381469728,11.75,11.75,367487,0.0042735206452968084,0.004273520645296847,0.0146894463736877,0.020596525722713255,0.016323005077416408,-0.0014618944832523694,0.946969318199482,0.0019051159402319333,-0.020584244334242326
283,2020-09-29,0.0003988444949978,0.004050000000000001,-0.0242367259804106,-0.008266021281101,12.600000381469728,12.600000381469728,11.800000190734863,11.899999618530272,11.899999618530272,428098,0.012765924981299867,0.012765924981299692,-0.0036511555050022008,0.02262562280883611,0.009859697827536418,-0.00147794653679291,0.9460170194568404,0.0020175156212086072,-0.020529584929925255
284,2020-09-30,0.0038403046113732,0.00385,0.0152986038886022,0.0593800074418211,11.899999618530272,11.899999618530272,11.649999618530272,11.75,11.75,175479,-0.012605010364596915,-0.012605010364596714,-9.695388626800115e-06,0.0017997883635059502,0.014404798728102665,-0.0014936457654600886,0.9454604838994776,0.0019912041124267015,-0.02055778931033151
285,2020-10-05,0.0026103338916205,0.0038,0.0951034675968908,-0.0036223587841322,11.699999809265137,11.699999809265137,11.550000190734863,11.600000381469728,11.600000381469728,467002,-0.012765924981299867,-0.012765924981299692,-0.0011896661083795,0.0042883125983348425,0.017054237579634535,-0.0014682477539248642,0.9475463149418017,0.001909546519536971,-0.02063451909662819
286,2020-10-06,0.0124280133942034,0.00385,0.0036853352139751,0.3159170901096372,11.600000381469728,11.649999618530272,11.550000190734863,11.600000381469728,11.600000381469728,775001,0.0,0.0,0.008578013394203401,-0.0013197293295638289,-0.0013197293295638289,-0.0014458365125498678,0.9434479065832319,0.0014414660070887755,-0.020270453556003886
287,2020-10-07,0.0033169776430894,0.00375,-0.0836431910063741,0.1734998746220309,11.600000381469728,11.600000381469728,11.199999809265137,11.449999809265137,11.449999809265137,351200,-0.012931083385497673,-0.012931083385497866,-0.00043302235691059995,-0.0009494121086804815,0.011981671276817384,-0.001472766019259651,0.9422706960573509,0.0012725015159193807,-0.020204827638285516
288,2020-10-08,0.0110478756858091,0.0031,-0.2384075196867197,0.405624068206764,11.449999809265137,11.449999809265137,11.149999618530272,11.350000381469728,11.350000381469728,390040,-0.008733574625432953,-0.008733574625432783,0.007947875685809099,-0.0006406701989670137,0.008092904426465769,-0.0013394020968051494,0.9493501727186497,0.0017677025378090394,-0.02038464742750004
289,2020-10-12,0.0053324056114041,0.0031,-0.2759584673495887,0.29441749943194,11.350000381469728,11.350000381469728,11.0,11.0,11.0,1060708,-0.03083703697853132,-0.030837036978531462,0.0022324056114041003,0.008088482321929383,0.03892551930046084,-0.0013371440516969622,0.949502845096858,0.0017588619525239785,-0.020394201031216058
290,2020-10-13,-0.000677704100415,0.00305,-0.0144597799878905,-0.0423843461439906,11.100000381469728,11.149999618530272,10.899999618530272,11.100000381469728,11.100000381469728,438000,0.009090943769975142,0.009090943769975324,-0.003727704100415,0.007690541423597753,-0.001400402346377571,-0.001358789697510427,0.9482732590219547,0.0018961181300284615,-0.02028238561578304
291,2020-10-14,-0.0021487629113022,0.0027500000000000003,0.1133015405553705,-0.0829817841487863,11.25,11.300000190734863,11.149999618530272,11.199999809265137,11.199999809265137,229000,0.009008957149438354,0.00900895714943828,-0.0048987629113022004,0.012912970238847334,0.0039040130894090544,-0.0013522493417716874,0.9470921520663242,0.0019012134662551557,-0.020247942830471547
292,2020-10-15,-0.0070815903368965,0.0031,0.1162283390026152,-0.2126968300285421,11.25,11.699999809265137,11.25,11.600000381469728,11.600000381469728,622000,0.03571433741219278,0.035714337412192876,-0.0101815903368965,0.0015491559616476165,-0.03416518145054526,-0.0013355523828139286,0.9420888245931356,0.0014273107368045208,-0.020431905415665436
293,2020-10-16,-0.0060376738546165,0.003,0.0156083827828238,-0.1937425955121274,11.699999809265137,11.800000190734863,11.399999618530272,11.449999809265137,11.449999809265137,477095,-0.012931083385497673,-0.012931083385497866,-0.0090376738546165,0.00787012956339038,0.020801212948888245,-0.0013280445954261119,0.9429241654966867,0.0013895915612057745,-0.02047335414631277
294,2020-10-19,0.012389422825425,0.00305,-0.1112084392115254,0.2912010903571028,11.699999809265137,11.699999809265137,11.25,11.399999618530272,11.399999618530272,309011,-0.004366828957883826,-0.004366828957883984,0.009339422825425,-0.004174191260501154,0.00019263769738282928,-0.0013958535738483662,0.9347496452865938,0.0015822868723919066,-0.020193759109865803
295,2020-10-20,-0.0035612423533114,0.0031,0.1486674882571505,-0.1616671932262722,11.350000381469728,11.399999618530272,11.199999809265137,11.25,11.25,263181,-0.013157861714877137,-0.013157861714876984,-0.0066612423533114005,0.010819225269749464,0.023977086984626448,-0.0012966987465421202,0.9443612806948103,0.001191712371115733,-0.020638308962231504
296,2020-10-21,0.0011568538828327,0.003,-0.0088033678811205,0.0795505182445101,11.25,11.449999809265137,11.199999809265137,11.399999618530272,11.399999618530272,146540,0.013333299424913195,0.013333299424913125,-0.0018431461171673,0.0072735986312543275,-0.006059700793658798,-0.0013900886212103766,0.9355155274952208,0.0014029785517441435,-0.020293973415953053
297,2020-10-22,0.003089190117261,0.0031,-0.0664065711184245,0.0184308165501091,11.300000190734863,11.300000190734863,11.100000381469728,11.199999809265137,11.199999809265137,297285,-0.017543843505051043,-0.017543843505050893,-1.0809882739000031e-05,-0.004904968072818863,0.01263887543223203,-0.001467764189746466,0.929076668453095,0.0013612168663662536,-0.02007389949879357
298,2020-10-23,-0.0014097637422857,0.003,0.1530887239661698,-0.1659085683271144,11.199999809265137,11.25,11.149999618530272,11.199999809265137,11.199999809265137,133002,0.0,0.0,-0.0044097637422857005,-0.0013298291677700871,-0.0013298291677700871,-0.0014847258152454724,0.9277783141836896,0.001336787820581525,-0.020068479097117155
299,2020-10-26,0.000791542225579,0.00305,0.0923862645841652,-0.1582988524510054,11.199999809265137,11.350000381469728,11.199999809265137,11.25,11.25,184879,0.004464302820210845,0.00446430282021093,-0.002258457774421,0.0010250778353389511,-0.0034392249848719794,-0.0015326032866479031,0.9245135187296876,0.0015326025012882562,-0.01994858355998531
300,2020-10-27,-0.0026354038290934,0.00305,-0.0097396198465288,-0.0170151964242586,11.149999618530272,11.25,11.100000381469728,11.25,11.25,46004,0.0,0.0,-0.0056854038290934,-0.015092176834804493,-0.015092176834804493,-0.0016064059839025833,0.9165149276746445,0.0020259245571416437,-0.019640503992766505
301,2020-10-28,-0.0063114333196045,0.0032,0.0230543129376257,-0.1004535925479448,11.25,11.300000190734863,11.050000190734863,11.199999809265137,11.199999809265137,169000,-0.004444461398654514,-0.004444461398654509,-0.0095114333196045,0.0029326279956056736,0.0073770893942601825,-0.0018385020551635722,0.8916922391469793,0.0038968419093212054,-0.018495944056100357
302,2020-10-29,-0.0102268563751831,0.003,0.080812766834605,-0.320579894135981,11.100000381469728,11.149999618530272,11.0,11.149999618530272,11.149999618530272,148000,-0.004464302820210845,-0.004464302820211041,-0.013226856375183099,0.0035052057004212114,0.007969508520632253,-0.001750994795665297,0.900746239376023,0.0035471329083163407,-0.018918563459935797
303,2020-10-30,-0.0092056494961756,0.0031,0.0500036518024083,-0.2075974412871518,11.0,11.199999809265137,10.800000190734863,10.800000190734863,10.800000190734863,417000,-0.031390084284284935,-0.0313900842842848,-0.0123056494961756,0.0003005388880580103,0.031690623172342815,-0.0017052025588668502,0.9037530721456337,0.0036247439601714334,-0.019033348259041027
304,2020-11-02,0.0035842904881061,0.00305,-0.0642753860329676,-0.013561898480084,11.0,11.0,10.399999618530272,10.5,10.5,194483,-0.027777794947839756,-0.027777794947839718,0.0005342904881061,0.01371465906231841,0.04149245401015813,-0.0015243343862951688,0.9155244586979076,0.0036490288025917664,-0.019693124696887238
305,2020-11-03,0.0114920687561896,0.00305,0.02857573072689,0.2368545532463173,10.550000190734863,10.550000190734863,10.199999809265137,10.449999809265137,10.449999809265137,180449,-0.0047619229271298365,-0.004761922927129847,0.0084420687561896,0.005823606029815446,0.010585528956945294,-0.0016097605279796966,0.9067963924078908,0.004008304456980779,-0.019238657776095614
306,2020-11-04,0.010355725806365,0.00295,-0.1690665906421224,0.3666406088839143,10.449999809265137,10.5,10.350000381469728,10.5,10.5,117708,0.004784707334686486,0.0047847073346865,0.007405725806365001,0.007884043569679098,0.0030993362349925977,-0.0016926002343892745,0.8970878692428871,0.00437325298457702,-0.018871608198333757
307,2020-11-05,0.0039555337325724,0.0028000000000000004,0.0248003304126437,0.1196043335890851,10.5,10.5,10.350000381469728,10.449999809265137,10.449999809265137,70001,-0.0047619229271298365,-0.004761922927129847,0.0011555337325723997,0.010874133576174682,0.01563605650330453,-0.001751652434187971,0.8928341518079007,0.004273738189931616,-0.018688949307126224
308,2020-11-06,0.004236497939239,0.0027500000000000003,0.0113319447394973,0.0835461902991989,10.699999809265137,10.699999809265137,10.300000190734863,10.5,10.5,122000,0.004784707334686486,0.0047847073346865,0.0014864979392389993,-0.011339708956553961,-0.01612441629124046,-0.0016867426877658512,0.8972839661992577,0.004156948582516989,-0.018852278410668267
309,2020-11-09,0.0118656564466636,0.0027500000000000003,0.0182100121342755,0.2124253548324625,10.5,10.5,10.300000190734863,10.5,10.5,132000,0.0,0.0,0.0091156564466636,0.004392683043146754,0.004392683043146754,-0.0018879798955519465,0.8739044305061308,0.005130971092632067,-0.017793420326239467
310,2020-11-10,-0.0034850585035003,0.0028000000000000004,0.1118242177112381,-0.1900144917360607,10.449999809265137,10.449999809265137,10.300000190734863,10.399999618530272,10.399999618530272,100282,-0.009523845854259673,-0.009523845854259805,-0.0062850585035003,-0.0011324355781852859,0.00839141027607452,-0.001895080270892773,0.8732096517463077,0.00513352708481984,-0.017763939947594367
311,2020-11-11,0.0137956405501146,0.0028499999999999997,-0.1110387564107495,0.1166364547624944,10.399999618530272,10.5,10.300000190734863,10.449999809265137,10.449999809265137,235000,0.0048077108239287895,0.004807710823929057,0.0109456405501146,0.0038932622908491904,-0.0009144485330798663,-0.0018731117808083158,0.8757536331079782,0.00506907191973473,-0.017877214708146044
312,2020-11-12,-0.0030470197562192,0.0028499999999999997,-0.1223556233532149,0.1177490055964469,10.5,11.399999618530272,10.449999809265137,10.699999809265137,10.699999809265137,320809,0.02392344541273063,0.023923445412730615,-0.0058970197562192,0.004016704895861003,-0.019906740516869612,-0.0018571256471540205,0.8768755349739507,0.0050201984666021805,-0.017933394306457257
313,2020-11-13,0.003898855042317,0.0028499999999999997,-0.0183691682740979,0.155707714035294,10.600000381469728,10.800000190734863,10.600000381469728,10.800000190734863,10.800000190734863,72011,0.009345830210495534,0.00934583021049562,0.0010488550423170002,0.007440171988123469,-0.0019056582223721513,-0.0018551211821928285,0.8769410629112527,0.0050169503438546766,-0.017938890106129413
314,2020-11-16,0.0209819237795479,0.0027,-0.3567451159042747,0.7254938892038285,10.850000381469728,10.850000381469728,10.699999809265137,10.699999809265137,10.699999809265137,77067,-0.009259294417005213,-0.009259294417005237,0.0182819237795479,-0.003605434424042324,0.005653859992962913,-0.001856317003426803,0.8768284542730479,0.005020941623164379,-0.017932410282914202
315,2020-11-17,0.0030386809207762,0.0027500000000000003,-0.0032543761080764,0.0304705930036497,10.699999809265137,10.699999809265137,10.5,10.699999809265137,10.699999809265137,143003,0.0,0.0,0.00028868092077619957,0.0021985667157992136,0.0021985667157992136,-0.0019621603359299016,0.8708378857609219,0.005271723676415139,-0.01749132750289013
316,2020-11-18,0.0132627193348603,0.0027,-0.1282073343297403,0.3701767968019366,10.5,10.649999618530272,10.5,10.550000190734863,10.550000190734863,234821,-0.014018656187300926,-0.014018656187300915,0.010562719334860301,-0.007519863086893904,0.006498793100407011,-0.0023243337788999823,0.8268914363767581,0.007073101993916003,-0.01549476027560804
317,2020-11-19,-0.0036926799202118,0.0027,0.1371563152719783,-0.1134141887721206,10.5,10.550000190734863,10.350000381469728,10.5,10.5,272900,-0.004739354486341531,-0.0047393544863415515,-0.0063926799202118,-0.002110124587146854,0.0026292298991946977,-0.002380955356092058,0.8210854517605247,0.00710449969843904,-0.015342727830020782
318,2020-11-20,-0.0004364575333153,0.0026000000000000003,0.041755010456288,-0.0211457089537407,10.449999809265137,10.550000190734863,10.350000381469728,10.5,10.5,180001,0.0,0.0,-0.0030364575333153,-0.00018889584611946758,-0.00018889584611946758,-0.002350929986667567,0.8241069358270923,0.00694002415968369,-0.015443867809218345
319,2020-11-23,0.0117792467197104,0.0026000000000000003,-0.1010537575696548,0.2339116655582644,10.5,10.600000381469728,10.5,10.5,10.5,197115,0.0,0.0,0.009179246719710401,0.007004589998683558,0.007004589998683558,-0.0023694588403023772,0.8227663614012177,0.006937122939786433,-0.015410223856915605
320,2020-11-24,-0.0051073521354672,0.00265,0.0826435244821816,-0.1205398192234327,10.5,10.649999618530272,10.449999809265137,10.449999809265137,10.449999809265137,158706,-0.0047619229271298365,-0.004761922927129847,-0.0077573521354672,0.0010352716116093083,0.005797194538739155,-0.002341130314995505,0.8255892305064434,0.006872147875128547,-0.015516527569601965
321,2020-11-25,-0.0049467054534281,0.00265,0.1008900730741234,-0.3235665415612083,10.550000190734863,10.550000190734863,10.449999809265137,10.449999809265137,10.449999809265137,167984,0.0,0.0,-0.007596705453428099,0.005194620477702411,0.005194620477702411,-0.0023802129274216174,0.821126898532968,0.006949202954409218,-0.015369391914511955
322,2020-11-26,0.0077757769415239,0.0023,0.0590709430560141,0.1642237637729534,10.399999618530272,10.5,10.350000381469728,10.399999618530272,10.399999618530272,365236,-0.004784707334686486,-0.004784707334686611,0.0054757769415239,-0.006864140420365738,-0.0020794330856791273,-0.0024407931755002074,0.8150744583312717,0.0070548862981752464,-0.015086182928827099
323,2020-11-27,0.0015477548385677,0.00245,0.1001815900767057,-0.007093876264407,10.399999618530272,10.5,10.350000381469728,10.399999618530272,10.399999618530272,206665,0.0,0.0,-0.0009022451614322999,0.003717053949738927,0.003717053949738927,-0.0024755998433507683,0.8104416731045994,0.007233215855745253,-0.014886877211661313
324,2020-11-30,-0.0103987352023605,0.0024,0.2044063652671089,-0.3268343661768951,10.449999809265137,10.550000190734863,10.350000381469728,10.399999618530272,10.399999618530272,487106,0.0,0.0,-0.0127987352023605,0.007086307584121316,0.007086307584121316,-0.002418130860293235,0.8085352637067472,0.006738224515034537,-0.014892310451332266
325,2020-12-01,0.0118619531022778,0.00235,-0.1922913134246126,0.267725275069043,10.5,10.5,10.300000190734863,10.350000381469728,10.350000381469728,266101,-0.004807619124471926,-0.004807619124471585,0.009511953102277801,0.0020018610133154388,0.006809480137787024,-0.0023796983808105116,0.8110144800920269,0.006699514603592192,-0.01495170235272227
326,2020-12-02,0.007451547325023,0.0023,-0.1646701445483483,0.2631129529005627,10.449999809265137,11.350000381469728,10.449999809265137,11.350000381469728,11.350000381469728,1633688,0.09661835392686212,0.09661835392686213,0.005151547325023,-0.0016400166290189725,-0.0982583705558811,-0.0024562502323054163,0.8021326380244775,0.007313932513370656,-0.014690673214747723
327,2020-12-03,-0.0008613685323275,0.0025,0.0203686606986962,-0.0558714923434839,11.399999618530272,12.350000381469728,11.350000381469728,11.550000190734863,11.550000190734863,1973431,0.017621127977375316,0.01762112797737525,-0.0033613685323275,0.002854763397545858,-0.014766364579829393,-0.0024566562352168566,0.802088984429897,0.0073153010814429485,-0.014688823701859956
328,2020-12-04,0.0111146588935297,0.0026000000000000003,-0.1303132648016116,0.1885697151829596,11.300000190734863,11.300000190734863,10.649999618530272,11.050000190734863,11.050000190734863,626002,-0.04329004257515841,-0.04329004257515845,0.0085146588935297,0.007006814174159877,0.050296856749318324,-0.0025718636871978643,0.789190019460108,0.007811447373667776,-0.014264964785345448
329,2020-12-07,0.0087854026560538,0.0028000000000000004,-0.2708182594592144,0.1547922980969961,11.050000190734863,11.100000381469728,10.800000190734863,10.800000190734863,10.800000190734863,385413,-0.02262443399861825,-0.022624433998618243,0.005985402656053799,0.0031940207857751733,0.025818454784393416,-0.0025790118518517896,0.7889817778700553,0.007770300499260332,-0.014259234703048644
330,2020-12-08,0.0072808933472285,0.0029,-0.1490180837977626,0.3250910393817672,10.899999618530272,10.899999618530272,10.649999618530272,10.75,10.75,183937,-0.004629647208502606,-0.004629647208502563,0.004380893347228501,0.010140450192678958,0.014770097401181521,-0.002570101498241849,0.7897431384265737,0.007756547024151265,-0.014291312313389662
331,2020-12-09,0.0020709212141407,0.0032,0.1803449157522078,-0.1406564339014937,10.850000381469728,11.100000381469728,10.850000381469728,11.050000190734863,11.050000190734863,190000,0.027906994486964026,0.0279069944869641,-0.0011290787858593003,0.001646045379712724,-0.026260949107251373,-0.0026025153898264724,0.7857418127696598,0.00790627812731794,-0.014132186663999355
332,2020-12-10,-0.00977401314363,0.003,0.104512532962276,-0.2861531419276008,10.75,11.100000381469728,10.75,11.100000381469728,11.100000381469728,157684,0.004524904060796952,0.004524904060797086,-0.012774013143630001,0.003139330818609312,-0.001385573242187774,-0.002606218183446241,0.7855584205954882,0.007903158617256477,-0.014122348814240262
333,2020-12-11,0.0008561846853348,0.00291,-0.2078969086573993,0.1471290360407672,11.100000381469728,11.100000381469728,10.800000190734863,10.949999809265137,10.949999809265137,134000,-0.013513564599060725,-0.013513564599060834,-0.0020538153146651998,0.004366357703221679,0.017879922302282514,-0.0026001007281464808,0.7862829266633204,0.007880901330397634,-0.014158093489147166
334,2020-12-14,-0.0035508150488658,0.0027500000000000003,0.2607927700415392,-0.316038173588561,10.949999809265137,11.0,10.800000190734863,11.0,11.0,117121,0.004566227543908865,0.004566227543908896,-0.0063008150488658,0.0008110465158346141,-0.0037551810280742823,-0.002633465963118784,0.7832425806478853,0.007846272508416302,-0.014089773610943546
335,2020-12-15,-0.0100295386615622,0.0027,-0.017710949147205,-0.098567261279903,11.0,11.0,10.699999809265137,10.899999618530272,10.899999618530272,326000,-0.009090943769975142,-0.009090943769975324,-0.0127295386615622,0.002980109496372063,0.012071053266347387,-0.0026334470612386957,0.7832441258002479,0.007846295988594092,-0.014089823533120872
336,2020-12-16,0.0167708072738863,0.0027500000000000003,0.0871784496477879,0.3181911186214958,11.0,11.199999809265137,11.0,11.100000381469728,11.100000381469728,197021,0.018348694489809594,0.018348694489809914,0.0140208072738863,-0.011408005867055407,-0.02975670035686532,-0.0026200124541969146,0.7837845878721251,0.007910330136679699,-0.014129075589659874
337,2020-12-17,-0.0031829424921901,0.0027500000000000003,0.0653151383154005,-0.1036710142263915,11.149999618530272,11.199999809265137,10.899999618530272,11.199999809265137,11.199999809265137,236314,0.009008957149438354,0.00900895714943828,-0.0059329424921901,-0.004060903581368826,-0.013069860730807105,-0.0026968496485091876,0.7739833532086178,0.008370157847377437,-0.013713766908709136
338,2020-12-18,-0.0006290602982889,0.00265,0.0156966099553329,0.0275631654749887,11.100000381469728,11.25,10.949999809265137,10.949999809265137,10.949999809265137,197868,-0.02232142895156024,-0.022321428951560196,-0.0032790602982889,-0.0019641576375866495,0.020357271313973545,-0.00201403205950553,0.8492254610560732,0.004275790137864358,-0.016794713289733063
339,2020-12-21,0.0094737108293684,0.00265,-0.0913349627720119,0.0882360858240902,10.949999809265137,11.0,10.800000190734863,10.899999618530272,10.899999618530272,123734,-0.004566227543908865,-0.004566227543909007,0.0068237108293684005,0.010358122296094006,0.014924349840003013,-0.0018922022494980476,0.8615022219708107,0.0038902900870568967,-0.017360087953469817
340,2020-12-22,-0.0144247881511987,0.00265,-0.0576883368974138,-0.255983173257618,10.649999618530272,10.899999618530272,10.649999618530272,10.850000381469728,10.850000381469728,250005,-0.004587086129392786,-0.004587086129392515,-0.0170747881511987,0.0029629691526643622,0.007550055282056877,-0.0024385815402496293,0.7914571875559705,0.006792996276874475,-0.014392370523547382
341,2020-12-23,0.0032184808095541,0.0027500000000000003,0.0933249207250379,-0.0004500986894199,10.800000190734863,10.800000190734863,10.699999809265137,10.800000190734863,10.800000190734863,92413,-0.004608312348104298,-0.0046083123481044375,0.0004684808095540998,0.002287530594292972,0.006895842942397409,-0.0027672685787001865,0.7480036112039028,0.009126941263094789,-0.012353174002898268
342,2020-12-24,0.0040209567903862,0.00305,0.0278518382966796,-0.0435675810606811,10.800000190734863,11.0,10.699999809265137,10.899999618530272,10.899999618530272,149466,0.009259206113829329,0.009259206113829244,0.0009709567903861999,-0.001149123170981525,-0.01040832928481077,-0.0027759075571299027,0.7474457272160091,0.009173809865133217,-0.01234132695008225
343,2020-12-25,0.0035811375868178,0.00305,0.0475163650919502,-0.1024411542007125,11.0,11.0,10.800000190734863,10.800000190734863,10.800000190734863,129143,-0.009174259751845186,-0.009174259751845049,0.0005311375868177997,0.0030577519244714807,0.01223201167631653,-0.0026055540957684257,0.7655417635835361,0.00924128178845939,-0.013043423339238872
344,2020-12-28,0.0105816723989453,0.00295,0.0449416631998441,0.1048083331930838,10.800000190734863,10.949999809265137,10.75,10.949999809265137,10.949999809265137,162001,0.013888853322331935,0.013888853322332029,0.007631672398945301,0.0007328168595614362,-0.013156036462770592,-0.0025648399689687353,0.7683714368485821,0.009185548572601222,-0.013232373464013797
345,2020-12-29,-0.0007609234488759,0.003,0.0481987489826637,-0.0062568377477008,10.850000381469728,10.949999809265137,10.75,10.850000381469728,10.850000381469728,171105,-0.009132367994271334,-0.009132367994271195,-0.0037609234488759,0.0016264097156502076,0.010758777709921404,-0.0026136037860915117,0.7635523816180956,0.00959434556658215,-0.012979237355141766
346,2020-12-30,0.0149011642120766,0.00305,-0.1754669612334845,0.3630508821467219,10.850000381469728,10.899999618530272,10.75,10.899999618530272,10.899999618530272,156273,0.004608224451857028,0.004608224451856602,0.0118511642120766,-0.0025067669145726274,-0.007114991366429229,-0.00259606847523676,0.7653452113244406,0.009618655876960121,-0.013056265884416988
347,2020-12-31,0.0030522190355783,0.00295,-0.0455990238488602,0.1355651779144865,10.850000381469728,10.899999618530272,10.75,10.800000190734863,10.800000190734863,137930,-0.009174259751845186,-0.009174259751845049,0.00010221903557830004,0.004162503322850037,0.013336763074695085,-0.00259658494849329,0.7654730868623753,0.009619966020602614,-0.013058092489220694
348,2021-01-04,0.0115051519904632,0.0028499999999999997,-0.053796801383341,0.0888453721101982,10.800000190734863,10.850000381469728,10.75,10.800000190734863,10.800000190734863,167034,0.0,0.0,0.008655151990463199,0.002629180161134622,0.002629180161134622,-0.002541096137279572,0.7713674813984013,0.009775840744820328,-0.013130655128800102
349,2021-01-05,0.006576285123691,0.0027,-0.1584061176267654,0.1605831055617932,10.75,10.800000190734863,10.649999618530272,10.649999618530272,10.649999618530272,172400,-0.013888941625507821,-0.013888941625508022,0.0038762851236909994,0.004865306441818123,0.018754248067326146,-0.002490604913685069,0.7753209889892279,0.00971714241958018,-0.013321159883905835
350,2021-01-06,-0.0011266904344138,0.0027,-0.3718546337406285,0.3048245405144267,10.649999618530272,10.699999809265137,10.300000190734863,10.550000190734863,10.550000190734863,281236,-0.009389617969696258,-0.009389617969696062,-0.0038266904344138,0.0008013342336013127,0.010190952203297375,-0.0025543102280623413,0.7718592415358786,0.009757690094270887,-0.013188921540979445
351,2021-01-07,0.0154086708847352,0.0028000000000000004,-0.2915741476775155,0.5450748870122797,10.600000381469728,10.699999809265137,10.5,10.550000190734863,10.550000190734863,108099,0.0,0.0,0.012608670884735199,0.007585295697852578,0.007585295697852578,-0.0026468351437525187,0.7597746798114469,0.010229038425081894,-0.012662542158261469
352,2021-01-08,0.0164289598601616,0.0032,-0.2283259600535018,0.4325873444167889,10.5,10.5,10.300000190734863,10.300000190734863,10.300000190734863,251120,-0.023696682036039488,-0.023696682036039474,0.013228959860161602,-0.001693847073445317,0.022002834962594156,-0.002624691454523474,0.7610013657317823,0.010052093540705373,-0.012797754905507152
353,2021-01-11,0.006036595319823,0.0032500000000000003,0.0110998003029258,0.1317702311764587,10.300000190734863,10.5,10.25,10.399999618530272,10.399999618530272,190509,0.009708682130449125,0.009708682130449064,0.002786595319823,0.0020660117971844872,-0.007642670333264577,-0.0026556191276377174,0.7580618877418395,0.010046366511444065,-0.012695582714440096
354,2021-01-12,-0.0036381383714123,0.0032,-0.2298129334744824,0.3587204734722427,10.399999618530272,10.399999618530272,10.199999809265137,10.300000190734863,10.300000190734863,173038,-0.009615329948400716,-0.00961532994840053,-0.006838138371412301,-0.0008272617337101596,0.008788068214690371,-0.002593319806505975,0.7655011822046118,0.009832029767515352,-0.013019472474665176
355,2021-01-13,0.0173721360999506,0.0031,-0.1399712997623478,0.4461849469470772,10.300000190734863,10.550000190734863,10.300000190734863,10.350000381469728,10.350000381469728,140170,0.004854387360093434,0.004854387360093693,0.0142721360999506,-0.009279004714713315,-0.014133392074807008,-0.0027066042158611467,0.7515185994883338,0.010232751516418831,-0.01239769050553667
356,2021-01-14,-0.0039816180614126,0.00305,0.2092666779920558,-0.5162131975944046,10.300000190734863,10.600000381469728,10.149999618530272,10.350000381469728,10.350000381469728,215947,0.0,0.0,-0.007031618061412601,0.0054881311087022905,0.0054881311087022905,-0.0026360218115047368,0.7601199246806754,0.010077430675655419,-0.012712378245567403
357,2021-01-15,-0.005780841688809,0.0031,-0.2972061741827901,0.2227982018675964,10.25,10.5,10.050000190734863,10.199999809265137,10.199999809265137,226101,-0.014492808374494898,-0.01449280837449507,-0.008880841688809,-0.004904357157092354,0.009588451217402715,-0.0026577789306295274,0.7590559767079196,0.010056728917235289,-0.012674732082882232
358,2021-01-18,-0.0002810923994803,0.003,-0.0676480442278767,0.1310600401311562,10.199999809265137,10.25,10.0,10.199999809265137,10.199999809265137,105701,0.0,0.0,-0.0032810923994803,0.001589912917857103,0.001589912917857103,-0.002645168762130817,0.7606244414762071,0.00998676026630543,-0.012733491869850525
359,2021-01-19,0.0169978296943056,0.00305,-0.3488297771471763,0.6433630542176899,10.100000381469728,10.149999618530272,10.050000190734863,10.100000381469728,10.100000381469728,149001,-0.009803865653465601,-0.009803865653465471,0.013947829694305601,0.0028255084160970366,0.012629374069562507,-0.0026708564019534225,0.7588591205401041,0.010056483023041518,-0.012673498866863489
360,2021-01-20,-0.0044837670950578,0.0031,-0.6057797336998426,0.4156660832137161,10.100000381469728,10.100000381469728,9.899999618530272,10.0,10.0,678105,-0.00990102749433508,-0.009901027494335302,-0.0075837670950578,-0.005557234070948402,0.0043437934233869,-0.002728550392595362,0.7511800049215045,0.010321946803169965,-0.012348649989244636
361,2021-01-21,0.0219907561866378,0.003,-0.3311461446940444,0.6926747483395963,10.100000381469728,10.199999809265137,9.989999771118164,10.0,10.0,221448,0.0,0.0,0.0189907561866378,0.0014399007562063987,0.0014399007562063987,-0.002832488754340341,0.7386365769869765,0.0109792611766984,-0.011784508692666623
362,2021-01-22,-0.0083410412381978,0.00305,0.4981170576051453,-0.5816619738926012,10.149999618530272,10.149999618530272,9.960000038146973,10.0,10.0,42469,0.0,0.0,-0.011391041238197801,0.0009989829163503106,0.0009989829163503106,-0.0028292579918626454,0.7387547975797288,0.010912522062215832,-0.011799087132770406
363,2021-01-25,-0.004525257343149,0.0031,0.2267426525444582,-0.4373696578020509,9.979999542236328,10.0,9.899999618530272,10.0,10.0,113800,0.0,0.0,-0.007625257343149,0.0032192317675920805,0.0032192317675920805,-0.002827622442427743,0.7389340120887584,0.01089918569796898,-0.011804647558264127
364,2021-01-26,-0.018040931072369,0.0032,0.1834147139783501,-0.3973411224480256,10.0,10.100000381469728,9.960000038146973,10.0,10.0,87706,0.0,0.0,-0.021240931072369,-0.0018233910390138093,-0.0018233910390138093,-0.003022958966976286,0.7143637841728901,0.012128155415747287,-0.010892626993604916
365,2021-01-27,0.0027205437819643,0.00315,0.0735320936997002,0.0486879504868798,9.949999809265137,10.149999618530272,9.949999809265137,10.0,10.0,142417,0.0,0.0,-0.0004294562180357001,-0.010281422026974976,-0.010281422026974976,-0.0029871007579145657,0.7174453490864787,0.012105500447259032,-0.010981445071622686
366,2021-01-28,-0.0181875119143615,0.00315,0.1769704863179472,-0.4264604090569404,10.100000381469728,10.100000381469728,9.899999618530272,9.989999771118164,9.989999771118164,193009,-0.0010000228881835937,-0.0010000228881835715,-0.0213375119143615,-0.013226361280284963,-0.012226338392101391,-0.0029950985925511027,0.7156079950281373,0.01212091246145563,-0.010901318496429247
367,2021-01-29,-0.0180054797137767,0.00305,0.0184449562915304,-0.2118146997716889,9.989999771118164,9.989999771118164,9.600000381469728,9.640000343322754,9.640000343322754,307004,-0.03503497855998802,-0.03503497855998805,-0.0210554797137767,-0.004902085400225431,0.03013289315976262,-0.002988820822642501,0.7163438636415523,0.012096045396955166,-0.010921776809483032
368,2021-02-01,0.0179531454403921,0.00315,-0.3114271571420269,0.5230176507208768,9.399999618530272,9.699999809265137,9.399999618530272,9.600000381469728,9.600000381469728,124706,-0.004149373488428735,-0.004149373488428587,0.014803145440392101,0.00706327783106813,0.011212651319496718,-0.0030283547002149347,0.7112007881394226,0.012222581407225916,-0.01066970939825602
369,2021-02-02,0.0227097936797192,0.0031,-0.2023357038667309,0.4988177494060111,9.40999984741211,9.56999969482422,9.40999984741211,9.43000030517578,9.43000030517578,222413,-0.01770834057695307,-0.017708340576953474,0.0196097936797192,0.004982118875525563,0.022690459452479037,-0.003028131199436231,0.7119699618089602,0.01228993697351914,-0.010685530500735712
370,2021-02-03,0.0007151314844923,0.0031,0.0414049638644588,-0.0216363248896842,9.399999618530272,9.449999809265137,9.359999656677246,9.43000030517578,9.43000030517578,215341,0.0,0.0,-0.0023848685155077,0.0021991448375326345,0.0021991448375326345,-0.0030210831242364067,0.7116414675307915,0.01227437220979117,-0.010668932638209602
371,2021-02-04,-0.004127782877246,0.0032,0.0660216618975868,-0.0442875491106907,9.43000030517578,9.43000030517578,9.350000381469728,9.420000076293944,9.420000076293944,155073,-0.00106046962441212,-0.001060469624412086,-0.0073277828772459995,-0.0022059134551237363,-0.0011454438307116504,-0.0030550556816742337,0.7081319484921199,0.012620176075023623,-0.010580164178811944
372,2021-02-05,0.0061237309637174,0.0032,0.0163653847463946,0.1945317945316881,9.350000381469728,9.390000343322754,9.270000457763672,9.31999969482422,9.31999969482422,368226,-0.010615751662400105,-0.010615751662399697,0.0029237309637174,0.0051416026393184214,0.015757354301718117,-0.003043987865199899,0.7077441298176539,0.012035738509038472,-0.010674044115905362
373,2021-02-17,0.0354306709485517,0.00345,-0.2801215424773248,0.8577698640152016,9.31999969482422,9.479999542236328,9.31999969482422,9.420000076293944,9.420000076293944,159112,0.010729655015467533,0.010729655015467188,0.0319806709485517,0.005405792234142234,-0.005323862781324954,-0.0030548784439292285,0.7063961530407941,0.012117809763718942,-0.010637136392329197
374,2021-02-18,0.0038026294860902,0.0032700000000000003,0.2261891212785379,-0.0087730899375636,9.420000076293944,10.0,9.420000076293944,10.0,10.0,345358,0.06157111666757445,0.061571116667574755,0.0005326294860901995,0.0034853871675503867,-0.058085729500024365,-0.0030764744042534077,0.7045922131422623,0.011959029640959832,-0.010563227293471035
375,2021-02-19,-0.0050613311446581,0.00332,0.2288931420113894,-0.1578688220763268,9.800000190734863,10.25,9.800000190734863,10.050000190734863,10.050000190734863,249241,0.005000019073486328,0.005000019073486239,-0.0083813311446581,-0.000697838713201496,-0.0056978577866877355,-0.0030943226036559157,0.7024490027983175,0.01199656395059931,-0.01045878309295802
376,2021-02-22,0.0042089636206206,0.00332,0.2282211709398301,-0.1132968057453557,10.050000190734863,10.050000190734863,9.9399995803833,9.989999771118164,9.989999771118164,222024,-0.005970190893330913,-0.005970190893330951,0.0008889636206205996,0.004880273921913968,0.010850464815244919,-0.003096926668891317,0.6985996781065524,0.012193387034702756,-0.010362676804589294
377,2021-02-23,0.0020255886632733,0.00365,0.1525778047562516,-0.1346559568579365,10.0,10.149999618530272,9.899999618530272,10.050000190734863,10.050000190734863,200426,0.006006048147284739,0.0060060481472847815,-0.0016244113367267,-0.0009935985285564192,-0.006999646675841201,-0.0030973366239267306,0.6985789619318707,0.012192023471643559,-0.010362447317472753
378,2021-02-24,-0.0140402904328187,0.0036,0.1938973702709628,-0.4338960411540742,10.25,10.25,9.970000267028809,10.149999618530272,10.149999618530272,276180,0.00995019163159818,0.009950191631598049,-0.0176402904328187,0.0010071808099134647,-0.008943010821684584,-0.003092965705843041,0.6963469427120891,0.012309298774622814,-0.010335429329397993
379,2021-02-25,0.0147817404205647,0.00335,-0.0742198103377019,0.1102294864760198,10.199999809265137,10.199999809265137,9.989999771118164,10.100000381469728,10.100000381469728,348706,-0.004926033393071871,-0.004926033393071516,0.011431740420564699,-0.00013219033522806484,0.004793843057843451,-0.00304476657036237,0.7128745119503519,0.011985790629470108,-0.010836235995774903
380,2021-02-26,-0.0302926355217939,0.00335,0.4042935289668971,-0.813358469765175,10.100000381469728,10.100000381469728,9.800000190734863,9.949999809265137,9.949999809265137,166111,-0.014851541241502621,-0.014851541241502786,-0.033642635521793904,0.007317572862203207,0.022169114103705992,-0.0030829604447901097,0.7079872540995458,0.012267462821043925,-0.01065121170378926
381,2021-03-02,-0.0004337475685865,0.00365,-0.1445521172869314,0.1281429887194175,9.949999809265137,10.0,9.90999984741211,10.0,10.0,118549,0.005025144893802372,0.005025144893802347,-0.0040837475685865,0.006926605663197345,0.001901460769394998,-0.003285379098365671,0.6805766735213632,0.013294819531779285,-0.009691641217512542
382,2021-03-03,0.0166083013030627,0.0036,-0.1116728446251947,0.3138092600847814,10.0,10.050000190734863,9.949999809265137,9.979999542236328,9.979999542236328,144114,-0.0020000457763671873,-0.002000045776367143,0.0130083013030627,0.0004674906076476328,0.002467536384014776,-0.0032810116321684395,0.6809458967469366,0.013288868591467502,-0.00970718773543408
383,2021-03-04,-0.0188332956243345,0.0037,0.2431489589753981,-0.6132831545069698,9.949999809265137,9.989999771118164,9.779999732971191,9.989999771118164,9.989999771118164,252009,0.0010020269880288066,0.0010020269880288701,-0.022533295624334503,-0.0007284401147140452,-0.0017304671027429154,-0.0032779821044950238,0.6805271230655594,0.013322957546788155,-0.009688413657930649
384,2021-03-05,-0.0032175511002958,0.0039000000000000003,-0.0207591886100643,-0.0057127979026195,9.960000038146973,10.0,9.899999618530272,9.989999771118164,9.989999771118164,110746,0.0,0.0,-0.0071175511002958,-0.016061707153376903,-0.016061707153376903,-0.003299055810434435,0.6802636969907319,0.013202355623315228,-0.009756602197172462
385,2021-03-08,-0.002215049302293,0.0039000000000000003,0.0304511567834502,-0.0957012567788122,9.899999618530272,9.979999542236328,9.800000190734863,9.890000343322754,9.890000343322754,161137,-0.01000995296161227,-0.010009952961612223,-0.0061150493022930005,0.010124771731088913,0.020134724692701136,-0.003292291787114826,0.68121853839804,0.013170982905734614,-0.009780883298269665
386,2021-03-09,0.0020846562669041,0.004,0.0776487539003372,-0.2065283903139128,9.970000267028809,9.970000267028809,9.770000457763672,9.949999809265137,9.949999809265137,107019,0.006066679864464466,0.006066679864464408,-0.0019153437330959003,0.0016641485932595438,-0.0044025312712048644,-0.003180921833592793,0.6813355503712003,0.015205686275165626,-0.009221246476224984
387,2021-03-10,0.0036951836331196,0.004050000000000001,0.0298856669498877,0.1009301639887334,9.850000381469728,9.899999618530272,9.81999969482422,9.899999618530272,9.899999618530272,75234,-0.005025144893802372,-0.005025144893802569,-0.0003548163668804006,0.005490918022598671,0.01051606291640124,-0.0031787039758555007,0.6797684725605301,0.015410165214900967,-0.009132197746687045
388,2021-03-11,0.0168360486204663,0.004050000000000001,-0.1267486073431216,0.5053237991448478,9.899999618530272,9.899999618530272,9.779999732971191,9.850000381469728,9.850000381469728,103208,-0.005050428180518417,-0.005050428180518041,0.012786048620466298,0.002155118561435567,0.007205546741953608,-0.0032350371639709406,0.6741364342144881,0.01524778414920075,-0.008956723385901122
389,2021-03-12,0.0046738056656531,0.004,-0.0751494138893969,-0.0052217177891488,9.770000457763672,9.880000114440918,9.6899995803833,9.789999961853027,9.789999961853027,330213,-0.006091412923148182,-0.006091412923148409,0.0006738056656530999,-0.0011441411707295928,0.004947271752418816,-0.003217733250453497,0.6759342441175042,0.015245071904100651,-0.009029711234335172
390,2021-03-15,-0.0003598612557631,0.004,0.1240430254529991,-0.1365748078825288,9.699999809265137,9.81999969482422,9.699999809265137,9.779999732971191,9.779999732971191,117010,-0.001021473842778557,-0.0010214738427785086,-0.0043598612557631,0.002475305431394163,0.0034967792741726718,-0.0031750629042793153,0.6772216993834808,0.015326068780599658,-0.009208128749015174
391,2021-03-16,0.0039281667501436,0.0042,-0.0068706597864372,0.1055638443596507,9.800000190734863,9.800000190734863,9.699999809265137,9.770000457763672,9.770000457763672,256215,-0.0010224208057807097,-0.0010224208057807438,-0.00027183324985639943,0.0016748048314598253,0.002697225637240569,-0.0032939624273450457,0.6607473290568819,0.015904152286743148,-0.008501965287584382
392,2021-03-17,-0.0059669520079287,0.0039000000000000003,0.1450395396336835,-0.2691725136016665,9.739999771118164,9.75,9.699999809265137,9.75,9.75,230208,-0.002047129664950899,-0.0020471296649509085,-0.009866952007928701,0.0018753804313577003,0.003922510096308609,-0.003289976849066129,0.6640675455922812,0.015670182338791146,-0.00856791123521486
393,2021-03-18,0.004441312857573,0.004,0.1568042207990801,-0.0975071616928604,9.75,9.899999618530272,9.739999771118164,9.880000114440918,9.880000114440918,229853,0.013333345070863381,0.013333345070863478,0.0004413128575729997,0.002055423322389421,-0.011277921748474057,-0.0032633992344344893,0.6649966369341073,0.015458798509517212,-0.008644246312246927
394,2021-03-19,-0.0133596358671526,0.00425,0.2465563936634041,-0.2807796122095933,9.880000114440918,9.880000114440918,9.800000190734863,9.880000114440918,9.880000114440918,98006,0.0,0.0,-0.017609635867152598,0.003227674751565751,0.003227674751565751,-0.0033103250160561285,0.659000710735045,0.015658352703687487,-0.008424144751942902
395,2021-03-22,0.007403715840725,0.0042,-0.0299039536673082,-0.2029043432602777,9.880000114440918,9.970000267028809,9.880000114440918,9.970000267028809,9.970000267028809,222192,0.009109327079495027,0.009109327079495078,0.0032037158407250002,-9.350549125858006e-05,-0.009202832570753657,-0.0032857420423563913,0.6604007913111373,0.015659008623712604,-0.008565646791410997
396,2021-03-23,-0.0007183720407116,0.004050000000000001,-0.0857623238762055,0.0740761937413539,9.970000267028809,9.979999542236328,9.850000381469728,9.960000038146973,9.960000038146973,145008,-0.0010030319572715655,-0.001003031957271583,-0.004768372040711601,0.0015468069543624818,0.0025498389116340647,-0.0032777465618144515,0.6602748239539579,0.01564396375048687,-0.008570807531789642
397,2021-03-24,-0.0089920518425493,0.00395,0.3569574174420261,-0.3694724669043895,9.960000038146973,9.960000038146973,9.829999923706056,9.880000114440918,9.880000114440918,88019,-0.008032120823258392,-0.008032120823258437,-0.0129420518425493,0.000575360317990937,0.008607481141249373,-0.003308254560562844,0.6578852954116408,0.015722930237095888,-0.008443032146839932
398,2021-03-25,0.0017477121581668,0.00385,-0.0741347828585845,0.1238249563097582,9.880000114440918,9.899999618530272,9.760000228881836,9.850000381469728,9.850000381469728,124535,-0.0030364101845852063,-0.0030364101845850033,-0.0021022878418332,0.0017963284659090204,0.004832738650494024,-0.003277586574436278,0.6617282021947519,0.015609896743559247,-0.008625389089678942
399,2021-03-26,0.0153012514059246,0.00385,-0.0757729927777226,0.4357500086106899,9.829999923706056,9.850000381469728,9.75,9.850000381469728,9.850000381469728,158259,0.0,0.0,0.011451251405924599,0.0002102574439986262,0.0002102574439986262,-0.0032881854731865107,0.6615327511715599,0.015569911341784726,-0.00863887604030943
400,2021-03-29,0.0104312567941695,0.00395,-0.013364921463583,0.1619017012322355,9.920000076293944,9.920000076293944,9.75,9.829999923706056,9.829999923706056,287618,-0.0020305032476239954,-0.0020305032476239937,0.0064812567941695005,-0.0025453890738115848,-0.0005148858261875911,-0.003305120700940752,0.6606601859637438,0.015560560702529636,-0.008695940317490049
401,2021-03-30,0.0047905940670936,0.004050000000000001,0.0945010735978512,0.0693198883949423,9.760000228881836,9.899999618530272,9.729999542236328,9.829999923706056,9.829999923706056,83530,0.0,0.0,0.0007405940670935996,0.004219705066608592,0.004219705066608592,-0.0033501539435938357,0.6551362464923192,0.015806185281129124,-0.008430337062545624
402,2021-03-31,-0.007476307820015,0.00415,0.2238568395208092,-0.2145134432090646,9.829999923706056,9.829999923706056,9.699999809265137,9.75,9.75,216262,-0.008138344285550466,-0.008138344285550603,-0.011626307820015,0.0022569622790872945,0.010395306564637897,-0.003358081481569448,0.6544512522525342,0.015804307106280377,-0.008400862192559328
403,2021-04-01,0.0085294456419009,0.00425,-0.169709848865741,0.3578605794961239,9.720000267028809,9.720000267028809,9.550000190734863,9.550000190734863,9.550000190734863,356004,-0.020512800950270433,-0.020512800950270416,0.0042794456419009,-0.0006732109115263766,0.01983959003874404,-0.0033599016842859593,0.6543581671110534,0.01580481145072087,-0.008398665186905014
404,2021-04-07,0.0147291029106623,0.0042,0.0652668175172813,0.2026477961743979,9.5,9.520000457763672,9.43000030517578,9.510000228881836,9.510000228881836,243949,-0.004188477597292004,-0.004188477597292017,0.010529102910662301,0.0028500132144457123,0.00703849081173773,-0.0033625820216952648,0.6541514953672292,0.015805346068475383,-0.00838700886691851
405,2021-04-08,0.0066058700053801,0.00415,0.0697777465816811,0.1107629885646942,9.510000228881836,9.65999984741211,9.5,9.600000381469728,9.600000381469728,287153,0.009463738214701667,0.009463738214701811,0.0024558700053800998,0.0037216553169610945,-0.005742082897740717,-0.003314908852492385,0.6592773384444917,0.015819422465909058,-0.008578066430846841
406,2021-04-09,-0.0042737779525536,0.004050000000000001,0.0097639059152293,-0.0551072586717938,9.600000381469728,9.6899995803833,9.449999809265137,9.649999618530272,9.649999618530272,628010,0.005208253653516227,0.005208253653515849,-0.0083237779525536,-0.0018879291039063492,-0.007096182757422197,-0.003324432724148424,0.6561518984342881,0.016016290807701648,-0.008443749071638699
407,2021-04-12,0.000332240197031,0.0039000000000000003,0.1793512620988715,-0.4364952554370299,9.739999771118164,9.75,9.56999969482422,9.619999885559082,9.619999885559082,422005,-0.003108780741668098,-0.0031087807416678714,-0.003567759802969,-0.005245775571304045,-0.0021369948296361737,-0.0032630497685515914,0.6647981933453023,0.015680317150347345,-0.008859851969707205
408,2021-04-13,-0.0020634450264278,0.00395,-0.1564803087308794,-0.0537766319767357,9.65999984741211,10.550000190734863,9.65999984741211,10.550000190734863,10.550000190734863,1154496,0.09667362954669441,0.09667362954669434,-0.0060134450264278,-0.002318131651650501,-0.09899176119834484,-0.0032555364035196034,0.6649694194040782,0.01563974869640704,-0.00887571524175706
409,2021-04-14,0.002440461583074,0.00375,-0.1450477800876562,0.0951447976859695,10.800000190734863,11.199999809265137,10.550000190734863,10.800000190734863,10.800000190734863,2491549,0.023696682036039488,0.023696682036039585,-0.0013095384169259996,-0.012676109989932776,-0.036372792025972364,-0.003262793565943152,0.6668175042260239,0.015264534662968959,-0.00897571959148036
410,2021-04-15,0.012496153902719,0.00375,-0.0328757134612723,0.2752869347510234,10.800000190734863,10.899999618530272,10.550000190734863,10.75,10.75,741894,-0.004629647208502606,-0.004629647208502563,0.008746153902719,0.0003150975212275291,0.004944744729730092,-0.0032627452534175526,0.6668190106564305,0.015264357914590552,-0.008975784915409863
411,2021-04-16,0.0048065452737105,0.0037,0.3363630523354859,-0.3487651177998662,10.75,11.800000190734863,10.75,11.800000190734863,11.800000190734863,3801659,0.09767443634742914,0.09767443634742912,0.0011065452737105,0.010657575202471492,-0.08701686114495763,-0.003269502399705806,0.6664710375173252,0.01524659647596441,-0.008997862874084413
412,2021-04-19,0.006088344510513,0.0037,0.2943177951112369,-0.4114239118079784,12.5,12.949999809265137,12.449999809265137,12.949999809265137,12.949999809265137,5936264,0.09745759321539939,0.09745759321539937,0.0023883445105129996,0.0013296111516149078,-0.09612798206378446,-0.003296403024451283,0.6634747206111715,0.015309675098698803,-0.008894378329157734
413,2021-04-20,0.0035097528521691,0.00375,0.0513222593063609,0.0761123733450597,12.949999809265137,12.949999809265137,12.0,12.300000190734863,12.300000190734863,2353204,-0.050193021475199426,-0.05019302147519944,-0.00024024714783089972,0.003538110010048806,0.053731131485248246,-0.003300966487698463,0.6633136409089193,0.015279428011674798,-0.008900248558586475
414,2021-04-21,-0.0070284394690715,0.00385,0.2858186462720597,-0.4914339269759324,11.75,12.199999809265137,11.5,11.600000381469728,11.600000381469728,1815875,-0.05691055271628538,-0.0569105527162852,-0.0108784394690715,0.0044953022161615015,0.0614058549324467,-0.003301305505534261,0.6654422406426808,0.01506650278054809,-0.00900154362580567
415,2021-04-22,-0.0061119639215757,0.00385,-0.1240135798535156,0.0138668412468644,11.800000190734863,11.850000381469728,11.149999618530272,11.399999618530272,11.399999618530272,1304846,-0.017241444513996895,-0.01724144451399723,-0.0099619639215757,0.006752555460426754,0.02399399997442398,-0.0033328553128368116,0.6653140312944872,0.01524235948338563,-0.009070836382946874
416,2021-04-23,0.0118909268580451,0.0039000000000000003,-0.1494131693685702,0.4969735210094842,11.350000381469728,11.350000381469728,11.050000190734863,11.199999809265137,11.199999809265137,435982,-0.017543843505051043,-0.017543843505050893,0.0079909268580451,0.0006376335729278771,0.01818147707797877,-0.003386887772191524,0.6591376891016627,0.015216614974476576,-0.008917707606254079
417,2021-04-26,0.0157234273580907,0.0039000000000000003,0.051677125418956,0.1641566455582717,11.149999618530272,11.149999618530272,10.800000190734863,10.949999809265137,10.949999809265137,634004,-0.02232142895156024,-0.022321428951560196,0.0118234273580907,0.001140021367838564,0.02346145031939876,-0.003369158867394438,0.660134490308827,0.015291494008989824,-0.008915128079288747
418,2021-04-27,0.0013436683201044,0.0039000000000000003,0.0122513772245024,-0.0402040868470181,11.100000381469728,12.0,11.0,12.0,12.0,2056700,0.09589043004790058,0.09589043004790065,-0.0025563316798956,-0.0018965613111870633,-0.09778699135908772,-0.0033530730902489453,0.6597424331029516,0.015281961201309511,-0.008924797250696098
419,2021-04-28,-0.0016123695360946,0.00395,0.2526547072208036,-0.1085410302472642,12.0,12.449999809265137,11.649999618530272,12.0,12.0,1552680,0.0,0.0,-0.0055623695360946,0.0007485720061913564,0.0007485720061913564,-0.0034357159824785033,0.6485446503631261,0.015581225695795432,-0.008381774615005014
420,2021-04-29,-4.947426643282201e-05,0.0039000000000000003,0.0028413497279985,0.0972127776781375,11.800000190734863,12.100000381469728,11.5,11.699999809265137,11.699999809265137,524099,-0.02500001589457194,-0.025000015894571903,-0.0039494742664328225,0.0014186769437074254,0.02641869283827933,-0.002853949648022356,0.711744100865189,0.010904243535097604,-0.012147187273821742
421,2021-05-03,-0.0196002281488037,0.0039000000000000003,-0.0213117734978706,-0.5040284486752854,11.5,11.699999809265137,11.0,11.100000381469728,11.100000381469728,645214,-0.05128200321168171,-0.051282003211681526,-0.0235002281488037,-0.0004974828298000768,0.05078452038188145,-0.0027356755557815756,0.7233978256227884,0.01007365990648522,-0.012760559077163287
422,2021-05-04,-0.0167555716290253,0.00385,-0.3858156158804161,0.1389907511544678,11.399999618530272,11.649999618530272,9.989999771118164,10.399999618530272,10.399999618530272,1145029,-0.06306312962907913,-0.06306312962907945,-0.0206055716290253,-0.0011035521004390562,0.0619595775286404,-0.0027654645437406706,0.7204928865621688,0.010100211999831035,-0.012699548528012201
423,2021-05-05,-0.0053348896407709,0.00395,0.0688769366388637,-0.4520214563869048,9.880000114440918,10.600000381469728,9.880000114440918,10.449999809265137,10.449999809265137,436372,0.0048077108239287895,0.004807710823929057,-0.0092848896407709,0.004513743269804451,-0.0002939675541246056,-0.0020715486969717614,0.8114572372882973,0.010203234591766312,-0.016354438976158535
424,2021-05-06,0.0089601605595464,0.0039000000000000003,-0.100459242896436,0.1372763189193072,10.449999809265137,10.899999618530272,10.199999809265137,10.600000381469728,10.600000381469728,451262,0.014354122004059458,0.014354122004059722,0.0050601605595464,0.0015493013780168085,-0.012804820626042913,-0.0012011611252325143,0.9337167571336873,0.008380454614848279,-0.021700287789009058
425,2021-05-07,0.0171021818820399,0.0039000000000000003,0.0747803132922693,0.2886635534753469,10.600000381469728,11.600000381469728,10.600000381469728,11.25,11.25,924026,0.06132071652247891,0.061320716522478724,0.0132021818820399,-0.00029926654454642213,-0.061619983067025146,-0.0013080154078559175,0.9305520644500567,0.007952937777537864,-0.021780969693493777
426,2021-05-10,-0.0028574269597917,0.00395,0.2670735860594263,-0.4799612403014121,11.350000381469728,11.5,11.100000381469728,11.199999809265137,11.199999809265137,642254,-0.004444461398654514,-0.004444461398654509,-0.0068074269597917,0.0021859382188542356,0.006630399617508744,-0.001649968518604094,0.8936405975366183,0.007998216672962875,-0.019874058103819724
427,2021-05-11,-0.0378564227947409,0.00395,-0.0841181361099495,-0.6935272800994833,11.0,11.100000381469728,10.300000190734863,10.75,10.75,739625,-0.040178555082909635,-0.040178555082909684,-0.0418064227947409,0.003635619134527572,0.04381417421743725,-0.0016636639468427942,0.8944745385575097,0.008147331362629037,-0.019847706231297665
428,2021-05-12,-0.0410514002428343,0.00395,-0.289009844104685,-0.2150592371014544,10.649999618530272,10.649999618530272,9.68000030517578,9.739999771118164,9.739999771118164,1359401,-0.0939535096634266,-0.09395350966342664,-0.045001400242834305,0.004987295387981159,0.0989408050514078,-0.001665936663095076,0.8981243942442462,0.008022603184463977,-0.020161862705575167
429,2021-05-13,-0.0146060308055249,0.00415,0.1257270162342219,-0.1918283545059035,9.739999771118164,10.050000190734863,9.329999923706056,9.949999809265137,9.949999809265137,891003,0.02156057937184781,0.021560579371847854,-0.0187560308055249,-0.0018332460263572783,-0.023393825398205132,-0.0018625785122220967,0.8727399344230008,0.008340754074134465,-0.019331856624440966
430,2021-05-14,0.0100184579733671,0.0040999999999999995,-0.1349352281989702,0.5289492436900144,10.0,10.100000381469728,9.859999656677246,9.970000267028809,9.970000267028809,365001,0.00201009629618767,0.0020100962961877578,0.005918457973367101,-0.003197401919709698,-0.005207498215897456,-0.0014724072220727615,0.9096656746567067,0.007078969681813464,-0.021085038112068893
431,2021-05-17,-0.0298981177199397,0.004,-0.3373818024108696,0.0194628893637223,8.989999771118164,9.550000190734863,8.989999771118164,9.100000381469728,9.100000381469728,482026,-0.08726177154038868,-0.0872617715403885,-0.0338981177199397,-0.0018533777475436093,0.08540839379284489,-0.0014726382514223335,0.9100670805548692,0.007020572100001987,-0.021112335853392575
432,2021-05-18,0.0515889353414173,0.00415,0.0584660254267184,0.6501745515782613,9.140000343322754,10.0,9.140000343322754,9.68000030517578,9.68000030517578,239000,0.06373625268050591,0.06373625268050542,0.0474389353414173,-0.0036019257156868524,-0.06733817839619227,-0.0014841373941262544,0.9146899602595895,0.006793209285832816,-0.021363077399750095
433,2021-05-19,-0.0008249924819233,0.0043,0.2497562093504655,-0.3715579315665557,9.5,9.880000114440918,9.34000015258789,9.34000015258789,9.34000015258789,482064,-0.03512398159802708,-0.03512398159802688,-0.0051249924819233,0.0032179697999866388,0.03834195139801352,-0.0016739794428766892,0.899684229963995,0.008461333621568194,-0.019847884039286712
434,2021-05-20,-0.005597328885188,0.00425,-0.0848810479790631,-0.024178131010459,9.5,9.56999969482422,9.220000267028809,9.399999618530272,9.399999618530272,435192,0.0064239255848147275,0.006423925584814638,-0.009847328885188,0.0062747865203454075,-0.0001491390644692307,-0.0015833722339871775,0.9304258823961475,0.009539385528411605,-0.020571375718312943
435,2021-05-21,0.0161883421802519,0.00435,0.0866087823994482,0.1390632281157012,9.399999618530272,9.6899995803833,9.220000267028809,9.59000015258789,9.59000015258789,316068,0.020212823592361432,0.02021282359236154,0.011838342180251902,0.0006594203201630228,-0.019553403272198518,-0.0015736581361490349,0.9316914681235976,0.009486508372785443,-0.020640539294364543
436,2021-05-24,0.0022224473290466,0.00425,0.2823940268965995,-0.1080829003132863,9.399999618530272,9.729999542236328,9.390000343322754,9.649999618530272,9.649999618530272,260034,0.0062564614168636665,0.006256461416863424,-0.0020275526709534002,0.0016836526710292824,-0.004572808745834141,-0.0015109435932919484,0.9392658852870849,0.00915246785816437,-0.020966872084694
437,2021-05-25,0.0157531713659839,0.0044,-0.2182457518193874,0.4982790741814239,9.760000228881836,9.899999618530272,9.470000267028809,9.81999969482422,9.81999969482422,243550,0.017616588913382452,0.017616588913382802,0.011353171365983898,0.0025882768897177617,-0.01502831202366504,-0.0013266877969304771,0.9585930636763133,0.009750248182657972,-0.021113907362077362
438,2021-05-26,0.0028934976096809,0.00435,0.0723214900272531,-0.0084127184896188,9.850000381469728,9.850000381469728,9.510000228881836,9.789999961853027,9.789999961853027,177301,-0.0030549627192965416,-0.0030549627192967277,-0.0014565023903190997,0.007561848830928674,0.010616811550225402,-0.0014207023438721285,0.9467681910152538,0.009921535638555218,-0.020537945398297442
439,2021-05-27,-0.0025282902714277,0.0040999999999999995,0.1561206295529623,-0.0998968819747109,9.619999885559082,9.68000030517578,9.550000190734863,9.579999923706056,9.579999923706056,254004,-0.02145046363281337,-0.02145046363281322,-0.0066282902714277,0.0018443196838543495,0.02329478331666757,-0.001429700030543974,0.9527560951576769,0.01046215105256737,-0.02030672606183164
440,2021-05-28,0.0162183071483092,0.00415,0.0374392303508313,0.1347017826973979,9.609999656677246,9.899999618530272,9.609999656677246,9.760000228881836,9.760000228881836,352000,0.018789176055248602,0.018789176055248324,0.012068307148309199,0.0101755769267931,-0.008613599128455225,-0.001029688337164173,1.044781791080736,0.010239218064310295,-0.02305976764098212
441,2021-05-31,0.0117107438399236,0.0040999999999999995,-0.057669029395499,0.2791971243790769,9.760000228881836,9.899999618530272,9.649999618530272,9.699999809265137,9.699999809265137,163329,-0.006147583832953786,-0.0061475838329537735,0.007610743839923601,-0.007817125252490627,-0.0016695414195368533,-0.001100832624783403,1.0216216948979782,0.011250746832479541,-0.022141289346330584
442,2021-06-01,0.0055043828632814,0.00415,0.1251583915724762,-0.1127990336320206,9.6899995803833,9.789999961853027,9.649999618530272,9.789999961853027,9.789999961853027,117623,0.00927836642861841,0.009278366428618456,0.0013543828632813998,-0.00012106653446685052,-0.009399432963085307,-0.0011103457244134613,1.0184233789222878,0.011377529600593623,-0.02193458789583925
443,2021-06-02,0.0001548854524777,0.0042,0.0070567233501407,-0.0968250074844738,9.800000190734863,9.890000343322754,9.779999732971191,9.800000190734863,9.800000190734863,201003,0.001021473842778557,0.0010214738427785086,-0.0040451145475223,0.0014624233919151054,0.0004409495491365968,-0.0008059532348800489,1.0894900555401092,0.011374460098364538,-0.02420956084244507
444,2021-06-03,0.0047259486829379,0.00415,0.0900835554649088,0.0450943623158358,9.859999656677246,10.149999618530272,9.81999969482422,9.899999618530272,9.899999618530272,448479,0.010204023045831349,0.010204023045831123,0.0005759486829378995,0.0022967314116650664,-0.007907291634166057,-0.0005446764693514876,1.1303675693558515,0.010811422735513065,-0.02541981584065342
445,2021-06-04,-0.0057259122671554,0.0040999999999999995,-0.0668832348942156,-0.0300029475563973,9.949999809265137,10.100000381469728,9.90999984741211,9.979999542236328,9.979999542236328,190000,0.008080800685720759,0.008080800685720924,-0.0098259122671554,0.004016535508268729,-0.0040642651774521945,-0.0007893221585421693,1.102991118041114,0.010975624422902477,-0.024103408741252365
446,2021-06-07,-0.0037031831291943,0.00395,0.0266907830360965,0.0636290034707897,10.399999618530272,10.399999618530272,9.800000190734863,10.149999618530272,10.149999618530272,359001,0.01703407656227723,0.017034076562276956,-0.0076531831291943,-0.0001454002570592792,-0.017179476819336237,-0.0007637358184699355,1.1027882134259224,0.01079518230183881,-0.024170547706577956
447,2021-06-08,-0.0004506707586016,0.004050000000000001,0.12617253551987,-0.1095306615184275,10.149999618530272,10.149999618530272,9.779999732971191,10.0,10.0,322277,-0.014778288095344134,-0.014778288095343983,-0.004500670758601601,0.00018189094444773582,0.014960179039791719,-0.000732611017248823,1.1065731246765316,0.010765630945250508,-0.024290158278427995
448,2021-06-09,-0.0064411381879487,0.0042,-0.0220959287788318,0.0312539957168627,9.9399995803833,9.970000267028809,9.789999961853027,9.789999961853027,9.789999961853027,99006,-0.021000003814697264,-0.021000003814697243,-0.0106411381879487,0.006036491502207433,0.027036495316904677,-0.0007333642709096955,1.1066388863343903,0.010741413823364727,-0.024297975584421237
449,2021-06-10,0.0113755445822092,0.004,-0.1700562350593882,0.4517512280374474,9.779999732971191,9.899999618530272,9.609999656677246,9.800000190734863,9.800000190734863,196188,0.001021473842778557,0.0010214738427785086,0.0073755445822092005,-0.0021967952855260686,-0.003218269128304577,-0.0006903633059582677,1.110039226901521,0.010484398714182646,-0.024340718035784286
450,2021-06-11,0.0031644110804584,0.004050000000000001,0.0102439296811596,-0.0797555350139897,9.800000190734863,9.800000190734863,9.710000038146973,9.720000267028809,9.720000267028809,125000,-0.008163257362146624,-0.008163257362146625,-0.0008855889195416005,0.003145286966879445,0.01130854432902607,-0.0007062830072525933,1.1090876768727114,0.010466067592731214,-0.024310298705293623
451,2021-06-15,0.0091654429510234,0.004050000000000001,0.0293270769657349,0.1895798552124299,9.720000267028809,9.729999542236328,9.649999618530272,9.65999984741211,9.65999984741211,72000,-0.006172882507033102,-0.006172882507033073,0.005115442951023399,0.004949546721906005,0.011122429228939077,-0.0007263056362716456,1.112166317338696,0.010024162550345172,-0.02449180998571821
452,2021-06-16,-0.0036514093612619,0.0045000000000000005,0.0243187995588353,-0.059535305283524,9.65999984741211,9.65999984741211,9.600000381469728,9.600000381469728,9.600000381469728,175002,-0.0062111249368659695,-0.0062111249368658195,-0.0081514093612619,0.0026203689887726953,0.008831493925638515,-0.0006969752018863753,1.115946924847313,0.009941869642277714,-0.02463101117762795
453,2021-06-17,0.0047810649605535,0.0045000000000000005,0.1533349699916918,-0.0531606141142405,9.600000381469728,9.899999618530272,9.550000190734863,9.800000190734863,9.800000190734863,417003,0.020833312637276943,0.020833312637276835,0.00028106496055349973,-0.0017724570298178425,-0.022605769667094676,-0.0007272252040082801,1.1135167730292534,0.009991621956994677,-0.024588629481719235
454,2021-06-18,-0.0041442085752098,0.00435,0.1429038222886573,-0.1089649075257203,9.84000015258789,10.449999809265137,9.829999923706056,10.300000190734863,10.300000190734863,880152,0.05102040717026833,0.051020407170268234,-0.0084942085752098,0.004430998184388352,-0.046589408985879883,-0.0007256379629029103,1.1136959607858408,0.009988990587974884,-0.02459625934121519
455,2021-06-21,-0.0147563598077024,0.00424,0.4000214998664275,-0.5712717318776547,10.100000381469728,11.25,10.050000190734863,11.050000190734863,11.050000190734863,1394696,0.07281553263218829,0.0728155326321882,-0.0189963598077024,-7.656147941430703e-05,-0.07289209411160251,-0.0007272959310640728,1.1135342996775175,0.009996165345207706,-0.024587664631718284
456,2021-06-22,0.0007367008667109,0.00436,0.0948217502491735,-0.1873834359505963,11.100000381469728,11.699999809265137,11.100000381469728,11.350000381469728,11.350000381469728,1436308,0.027149338059415204,0.02714933805941544,-0.0036232991332891,0.000350764929853452,-0.02679857312956199,-0.0007138367782542267,1.1140743231406942,0.010059256221708642,-0.0245838460232543
457,2021-06-23,0.015294391354964,0.00386,-0.2606020022615389,0.672992184710401,11.75,11.75,10.850000381469728,10.899999618530272,10.899999618530272,495839,-0.03964764297930199,-0.039647642979302344,0.011434391354964,0.0061052158592948755,0.04575285883859722,-0.0006885705664913928,1.1134240199143695,0.009909916484748788,-0.024630298734338862
458,2021-06-24,0.0041097760847983,0.004050000000000001,0.2735899523451139,-0.197022237191466,10.949999809265137,11.100000381469728,10.75,10.800000190734863,10.800000190734863,243284,-0.009174259751845186,-0.009174259751845049,5.977608479829956e-05,0.0029266843541451704,0.012100944105990219,-0.0007039139101909075,1.1037265433193972,0.010366950122911226,-0.024156070559754727
459,2021-06-25,0.0054589562336556,0.0042,0.0602797202395748,0.021228946357935,10.949999809265137,10.949999809265137,10.5,10.5,10.5,376001,-0.027777794947839756,-0.027777794947839718,0.0012589562336556004,-0.0016442707107307553,0.026133524237108963,-0.0007448785818739351,1.1017744168432464,0.010243794893974163,-0.024081889908700905
460,2021-06-28,0.0050265964599129,0.0042,0.148243221779853,-0.1512280147752554,10.5,10.649999618530272,10.25,10.350000381469728,10.350000381469728,201032,-0.014285677955264137,-0.01428567795526392,0.0008265964599129,0.007194552506194241,0.02148023046145816,-0.000738596415011775,1.1065074146015637,0.010111181718976393,-0.024277147352579832
461,2021-06-29,0.0004103667797432,0.00415,-0.1374484298152363,0.152086624155435,10.350000381469728,10.350000381469728,10.100000381469728,10.300000190734863,10.300000190734863,216100,-0.004830936124831633,-0.004830936124831764,-0.0037396332202568002,-0.003102936555066111,0.001727999569765653,-0.0007359249271966584,1.1063885827073783,0.010105061602949383,-0.024255987462555292
462,2021-06-30,0.0089367991402702,0.0040999999999999995,0.1006195619531927,-0.1139259976698967,10.100000381469728,10.25,10.0,10.149999618530272,10.149999618530272,495750,-0.014563162080280303,-0.014563162080280523,0.004836799140270201,-0.005008422794173148,0.009554739286107375,-0.0007989131755382942,1.0992856561157145,0.010385740054129653,-0.02390731167962494
463,2021-07-01,-0.0023385190911774,0.0040999999999999995,-0.001046222119399,-0.1968059753617559,10.199999809265137,10.449999809265137,10.100000381469728,10.399999618530272,10.399999618530272,316091,0.0246305427976164,0.02463054279761634,-0.006438519091177399,0.006121072232752592,-0.018509470564863746,-0.0008222180622366132,1.098092858898438,0.010309463367499645,-0.02392651669413386
464,2021-07-02,-0.0002139028706757,0.0040999999999999995,0.1074740598744897,0.0481475125770489,10.449999809265137,10.449999809265137,10.100000381469728,10.300000190734863,10.300000190734863,198117,-0.009615329948400716,-0.00961532994840053,-0.0043139028706757,-0.009065901607926724,0.0005494283404738065,-0.0008260777543779255,1.0982342345376013,0.010305222659888345,-0.02392749021476484
465,2021-07-05,0.0118112880402602,0.00395,0.0131894540356193,0.1494076834898515,10.300000190734863,10.350000381469728,10.149999618530272,10.350000381469728,10.350000381469728,210296,0.004854387360093434,0.004854387360093693,0.007861288040260199,0.011703543292411495,0.006849155932317802,-0.0007862189348419972,1.1012107098048496,0.010440376115523304,-0.02400603240891193
466,2021-07-06,-0.0003493303375577,0.00395,0.0612974685029486,-0.0846244617541277,10.350000381469728,10.449999809265137,10.149999618530272,10.149999618530272,10.149999618530272,231002,-0.019323744499326532,-0.019323744499326834,-0.0042993303375577,-0.00036264354906870083,0.018961100950258134,-0.0007610071646931321,1.089752643210611,0.011531293941667716,-0.023439597752481754
467,2021-07-07,-0.0034824213988302,0.00385,-0.0121677449438383,0.2040639167999585,10.149999618530272,10.399999618530272,10.149999618530272,10.25,10.25,196009,0.009852254702272262,0.009852254702272356,-0.0073324213988302,-0.0014066202068809537,-0.01125887490915331,-0.0006914984279518469,1.0780034733316026,0.013901706822851582,-0.023171183809173514
468,2021-07-08,0.0008627336588561,0.00385,0.2128653361749441,-0.2240771509439638,10.25,10.350000381469728,10.25,10.300000190734863,10.300000190734863,208517,0.004878067388767149,0.004878067388767171,-0.0029872663411439,0.0067367346761353,0.001858667287368129,-0.0005914581980477379,1.0887229047045557,0.013609293702284132,-0.023707628909338033
469,2021-07-09,-0.0114523869962277,0.00385,-0.0701812682303344,-0.0209462943435185,10.25,10.350000381469728,10.199999809265137,10.350000381469728,10.350000381469728,159052,0.004854387360093434,0.004854387360093693,-0.015302386996227699,-0.010454790627421585,-0.015309177987515278,-0.0005935822273231888,1.0967666717250697,0.01357965939046565,-0.024431547041659642
470,2021-07-12,0.0086544052547265,0.00385,-0.0893693573320307,0.2894936177986977,10.350000381469728,10.399999618530272,10.25,10.300000190734863,10.300000190734863,188002,-0.004830936124831633,-0.004830936124831764,0.004804405254726501,0.0045223278341796225,0.009353263959011386,-0.0006692752620296677,1.0894792474208617,0.013274848866838234,-0.024197569688918463
471,2021-07-13,0.0018630761291301,0.00395,-0.3425693875822514,0.4746903690993969,10.300000190734863,10.350000381469728,10.0,10.199999809265137,10.199999809265137,205000,-0.009708774720186868,-0.00970877472018683,-0.0020869238708699006,0.005476803350892914,0.015185578071079744,-0.0007748247586957765,1.0803297294271097,0.013340016130609408,-0.023873342544267363
472,2021-07-14,-9.914718103552991e-05,0.00395,-0.2207739951308779,0.2838520721933315,10.199999809265137,10.25,10.0,10.25,10.25,194826,0.004901979575474675,0.00490197957547478,-0.004049147181035531,0.006558816239373104,0.0016568366638983244,-0.0008922500305733514,1.0668003681779181,0.013523392785342599,-0.023289946591229214
473,2021-07-15,0.0105593462378997,0.0039000000000000003,0.0972190237797203,-0.1128385294948662,10.149999618530272,10.25,10.100000381469728,10.199999809265137,10.199999809265137,92001,-0.004878067388767149,-0.004878067388767171,0.0066593462378997,0.009206621251338998,0.01408468864010617,-0.0008899924323319715,1.0668041372828045,0.013506913242555981,-0.0232923252005598
474,2021-07-16,-0.0077042249936508,0.00385,0.4503334771871202,-0.5994725612200424,10.199999809265137,10.199999809265137,10.0,10.100000381469728,10.100000381469728,260001,-0.009803865653465601,-0.009803865653465471,-0.011554224993650799,-0.00020470186187023024,0.009599163791595242,-0.0010624546310606846,1.044287329363939,0.01409552220082691,-0.022299514546452345
475,2021-07-19,-0.0059233595507187,0.00385,0.2171998763927979,-0.2186155877792468,10.100000381469728,10.149999618530272,10.0,10.100000381469728,10.100000381469728,79913,0.0,0.0,-0.0097733595507187,0.004866887972269231,0.004866887972269231,-0.0009445134477102293,1.0572050248922382,0.013422148447877338,-0.023040485031580887
476,2021-07-20,-0.0146442242154672,0.00385,-0.1875251643192028,-0.0095278521733476,10.0,10.050000190734863,9.960000038146973,10.0,10.0,193651,-0.00990102749433508,-0.009901027494335302,-0.0184942242154672,-0.0006602476797921328,0.009240779814543168,-0.00094259227054936,1.0599046106024714,0.01320275022157157,-0.02320056932262493
477,2021-07-21,-0.0039906559706909,0.00385,-0.123214924775307,0.3280635345417524,10.0,10.050000190734863,9.899999618530272,9.970000267028809,9.970000267028809,183000,-0.0029999732971191405,-0.002999973297119096,-0.007840655970690901,0.009132629176541016,0.012132602473660112,-0.0009556101692480582,1.0584546864535351,0.013231264983077175,-0.02315207834884473
478,2021-07-22,0.0065033728982313,0.0039000000000000003,-0.0564199881374161,0.2598559149469188,9.920000076293944,10.050000190734863,9.920000076293944,10.0,10.0,142000,0.0030090002174224337,0.003009000217422342,0.0026033728982313,0.0009646698784390715,-0.0020443303389832703,-0.0010134980924326547,1.0544177733244973,0.013304173753142062,-0.022951114432805942
479,2021-07-23,3.3566621351727845e-05,0.00385,0.1181326817204631,-0.2845689540944618,10.0,10.100000381469728,9.90999984741211,10.100000381469728,10.100000381469728,145000,0.010000038146972656,0.010000038146972923,-0.003816433378648272,-0.013127499406631112,-0.023127537553604034,-0.001060830345120564,1.0406666325586098,0.013892165279336224,-0.022253771877818775
480,2021-07-26,-0.0096375204435535,0.0038,0.1516880286952564,-0.0311206737448558,10.100000381469728,10.300000190734863,10.0,10.25,10.25,176100,0.014851446818306543,0.014851446818306302,-0.0134375204435535,-0.00023900481682270595,-0.015090451635129008,-0.0010706511585152178,1.0397340278315927,0.013877989008602373,-0.022214524338910135
481,2021-07-27,-0.007681842223602,0.0039000000000000003,-0.1570780027587317,0.0435441780556739,10.25,10.25,9.949999809265137,10.050000190734863,10.050000190734863,202300,-0.019512176513671875,-0.019512176513671875,-0.011581842223602,0.004178805246096595,0.02369098175976847,-0.001082699087557206,1.031629511207908,0.01395473479822272,-0.02194915086430011
482,2021-07-28,-0.0077967259857955,0.00395,-0.0841129229464687,-0.1893283625466661,9.920000076293944,9.960000038146973,9.800000190734863,9.949999809265137,9.949999809265137,158004,-0.009950286524563187,-0.009950286524563201,-0.0117467259857955,0.0033958642764327688,0.01334615080099597,-0.0010919866177739833,1.0313001114359976,0.01396933707594001,-0.0219588743473026
483,2021-07-29,0.0156163640017311,0.0039000000000000003,0.1098514184800144,0.1940749700964282,10.0,10.050000190734863,9.949999809265137,10.050000190734863,10.050000190734863,66100,0.010050289787604744,0.010050289787604694,0.0117163640017311,-0.014505764066677213,-0.024556053854281907,-0.0010937838517476978,1.02961866725118,0.013906773522421208,-0.021883907332637863
484,2021-07-30,-0.0089296145703835,0.0039000000000000003,-0.0585207507882029,-0.0522120994573822,10.050000190734863,10.149999618530272,9.949999809265137,10.100000381469728,10.100000381469728,167000,0.004975143262281594,0.004975143262281767,-0.0128296145703835,0.006247476235683303,0.0012723329734015357,-0.001086441386181469,1.0263942664409997,0.013748019955731647,-0.021756670176551404
485,2021-08-02,0.014835220958219,0.0039000000000000003,-0.1191675689194506,0.2553812253428938,10.0,10.0,9.920000076293944,9.970000267028809,9.970000267028809,129098,-0.012871297973357173,-0.012871297973357398,0.010935220958219,0.009577709545986827,0.022449007519344227,-0.0012127131471470099,1.0093446385509675,0.01422298368384156,-0.02100549234824282
486,2021-08-03,0.0028840577753342,0.00385,-0.0124453247159755,0.1440296094000902,9.970000267028809,10.149999618530272,9.970000267028809,10.100000381469728,10.100000381469728,110572,0.013039128481353563,0.013039128481353801,-0.0009659422246658003,-0.014460132766562803,-0.027499261247916604,-0.0012788294775817875,1.0037798931540483,0.013805790817472434,-0.020722780076068203
487,2021-08-04,0.0039952044639653,0.00375,-0.0039133940106762,0.0136905405260903,10.100000381469728,10.100000381469728,10.0,10.050000190734863,10.050000190734863,91099,-0.00495051374716754,-0.004950513747167706,0.00024520446396529994,-0.0038509846596894073,0.001099529087478299,-0.0012790496677236418,1.0038259838597563,0.013799194554440383,-0.02072500066075901
488,2021-08-05,-0.001178598120981,0.0038,-0.0699835415272416,0.0865610802493491,10.050000190734863,10.050000190734863,9.949999809265137,10.0,10.0,155300,-0.004975143262281594,-0.004975143262281545,-0.004978598120981,-0.000997791896283266,0.003977351365998279,-0.001281780933197291,1.0004539989634926,0.013704898157699775,-0.020655816776081203
489,2021-08-06,-0.0043651266083103,0.0038,0.0666250012938771,-0.2322048555441859,10.100000381469728,10.100000381469728,9.989999771118164,10.050000190734863,10.050000190734863,98081,0.005000019073486328,0.005000019073486239,-0.0081651266083103,-0.021317990501660673,-0.026318009575146913,-0.0013145271178774014,0.9917743001272405,0.01397803082097282,-0.02022962217692739
490,2021-08-09,-0.0023466992368045,0.00395,-0.1473207559330268,0.0077221357444597,10.0,10.0,9.869999885559082,9.880000114440918,9.880000114440918,179075,-0.016915430155978413,-0.016915430155978406,-0.006296699236804501,0.003117107253766599,0.020032537409745005,-0.0013103158040602275,0.9915040217241111,0.013997323150409868,-0.02019767521947092
491,2021-08-10,-0.0092369674847976,0.00395,-0.0030193059333451,-0.0401639269724764,10.0,10.0,9.850000381469728,9.899999618530272,9.899999618530272,132497,0.0020242412811436678,0.002024241281143535,-0.0131869674847976,0.010723379680648085,0.00869913839950455,-0.001289165891734239,0.9940334063731997,0.01391559754304323,-0.02032806146653066
492,2021-08-11,-0.005568167776512,0.00395,-0.2137198509064051,-0.0471297104661561,9.869999885559082,10.0,9.800000190734863,9.800000190734863,9.800000190734863,120000,-0.010100952691779578,-0.010100952691779352,-0.009518167776512002,0.007563178658642639,0.01766413135042199,-0.0013542780657807155,0.976198946261529,0.014921830494035775,-0.019461287302264808
493,2021-08-12,-0.0004202797269394,0.0039000000000000003,0.1541630770595259,-0.1282312748049149,9.8100004196167,10.0,9.8100004196167,10.0,10.0,49020,0.02040814340536656,0.020408143405366452,-0.0043202797269394,-0.007053479631931182,-0.027461623037297635,-0.0013613674902917148,0.977358051565094,0.015024689691362605,-0.01946568941793918
494,2021-08-13,-0.0138113190683629,0.0039000000000000003,-0.1391975187587103,-0.2039946661220208,9.899999618530272,9.899999618530272,9.760000228881836,9.760000228881836,9.760000228881836,74002,-0.023999977111816406,-0.02399997711181645,-0.0177113190683629,0.0028987464452374426,0.026898723557053892,-0.0013744811849206373,0.9762220905807303,0.015131768517025919,-0.019379730260082745
495,2021-08-16,-0.0072629283575085,0.00395,-0.2198888229155897,0.0580933245035796,9.699999809265137,9.760000228881836,9.5,9.520000457763672,9.520000457763672,221154,-0.024590139906754887,-0.02459013990675485,-0.0112129283575085,-0.00655037579207699,0.018039764114677857,-0.0013802996899493771,0.9756180543555742,0.01511589558693355,-0.019371462235190918
496,2021-08-17,-0.011709642028386,0.00395,-0.0476746525500505,-0.0429314127488233,9.520000457763672,9.520000457763672,9.520000457763672,9.520000457763672,9.520000457763672,0,0.0,0.0,-0.015659642028386,-0.012891848555374834,-0.012891848555374834,-0.0013698797919093801,0.972783475181272,0.015059757410942546,-0.019324311789080208
497,2021-08-18,0.00989776119333,0.004,0.3026780871547472,-0.3032517957175049,9.5,9.550000190734863,9.40999984741211,9.470000267028809,9.470000267028809,133095,-0.005252120622965679,-0.00525212062296565,0.005897761193329999,0.0026557571028567005,0.00790787772582235,-0.0014674427225380708,0.9606176028375333,0.015592890990715078,-0.01884660822245645
498,2021-08-19,-0.0267955496485801,0.0040999999999999995,-0.0087067353807297,-0.422231465849013,9.4399995803833,9.449999809265137,9.329999923706056,9.420000076293944,9.420000076293944,93220,-0.005279851037485845,-0.005279851037486072,-0.0308955496485801,0.009377707597139979,0.01465755863462605,-0.0014515181435343807,0.959520963314501,0.015678052570823445,-0.018752922401105602
499,2021-08-20,-0.0020433064315579,0.0040999999999999995,0.2211779390667141,-0.1667696395301727,9.420000076293944,9.449999809265137,9.369999885559082,9.449999809265137,9.449999809265137,68016,0.003184685002995671,0.0031846850029959572,-0.0061433064315579,0.0018692611985004627,-0.0013154238044954946,-0.0014772395578879275,0.957017642130088,0.01577325137846992,-0.018639706314874337
500,2021-08-23,0.024470742368882,0.0040999999999999995,-0.047775437870162,0.4096095245004407,9.479999542236328,9.989999771118164,9.329999923706056,9.630000114440918,9.630000114440918,181294,0.019047651725802382,0.019047651725802472,0.020370742368882002,-0.0019256399355172895,-0.02097329166131976,-0.0014769837954227948,0.9570095179638229,0.01577238640665165,-0.01863954260946383
501,2021-08-24,0.0045927225273693,0.00415,-0.1388896839157266,0.1531390449032698,9.550000190734863,9.600000381469728,9.5,9.520000457763672,9.520000457763672,89001,-0.011422601803741751,-0.011422601803741772,0.0004427225273692997,0.002669047475168384,0.014091649278910157,-0.0014583645161202678,0.958700546600502,0.015701498791425447,-0.018742367748625876
502,2021-08-25,0.0135045214424487,0.0042,-0.0352073263987848,0.3573301635159876,9.520000457763672,9.579999923706056,9.43000030517578,9.579999923706056,9.579999923706056,243000,0.00630246460686381,0.0063024646068639,0.009304521442448699,0.013591205886330927,0.007288741279467027,-0.0014939832838667426,0.9558037885053258,0.01600988531027045,-0.01854434217780689
503,2021-08-26,0.0012379289325211,0.00415,-0.2045943861661581,0.1458754815496789,9.579999923706056,9.579999923706056,9.5,9.56999969482422,9.56999969482422,32001,-0.0010438652360622688,-0.001043865236062258,-0.0029120710674789,0.007632488019605806,0.008676353255668064,-0.0014986120610444907,0.951519194744016,0.016125027198878473,-0.018386870587621198
504,2021-08-27,0.0083769307566565,0.00415,-0.0484745573715525,0.1485208093123962,9.5,9.56999969482422,9.489999771118164,9.520000457763672,9.520000457763672,87001,-0.005224580841688862,-0.005224580841689086,0.004226930756656501,0.0020321582330243325,0.0072567390747134185,-0.0015021621001968086,0.9511921458385747,0.016163126925910418,-0.01836263752506626
505,2021-08-30,0.0108419875698577,0.0040999999999999995,-0.0410580232529048,0.2360522781129948,9.470000267028809,9.520000457763672,9.420000076293944,9.420000076293944,9.420000076293944,72192,-0.010504241245931358,-0.010504241245931523,0.006741987569857701,0.01008746339761626,0.020591704643547783,-0.0014659466507439326,0.9527449271328606,0.016329302041825422,-0.018410560008976087
506,2021-08-31,0.0053901316916615,0.00415,-0.1153762004472442,0.1864607830073344,9.420000076293944,9.5600004196167,9.40999984741211,9.510000228881836,9.510000228881836,122000,0.009554156248297915,0.00955415624829814,0.0012401316916615,0.007128159257730058,-0.002425996990568082,-0.0014933491056030623,0.9516842248582713,0.01665420989316492,-0.01822085196248782
507,2021-09-01,-0.0009318787166271,0.00415,0.0554033448695906,0.104901325166415,9.510000228881836,9.630000114440918,9.460000038146973,9.520000457763672,9.520000457763672,72188,0.0010515487530131996,0.001051548753013165,-0.0050818787166271,-0.0019787713728345382,-0.0030303201258477033,-0.0015119437395818309,0.9520527060045074,0.016936238880323435,-0.01814627424802786
508,2021-09-02,-0.0088262879102791,0.00415,-0.0242179400092838,-0.1229568127549391,9.520000457763672,9.609999656677246,9.479999542236328,9.5600004196167,9.5600004196167,77000,0.0042016764631987915,0.004201676463198689,-0.012976287910279102,0.010713436423822394,0.0065117599606237045,-0.0015201320595711813,0.9467658876485526,0.01701604003961641,-0.017970437553804435
509,2021-09-03,0.0113835387394523,0.00415,-0.1957169155524447,0.3437484451016023,9.5600004196167,9.600000381469728,9.5,9.600000381469728,9.600000381469728,57000,0.004184096244488566,0.004184096244488789,0.0072335387394523,-0.006802203175867784,-0.010986299420356572,-0.0016755591367973157,0.9256921291245271,0.017194131397371304,-0.017093517964638608
510,2021-09-06,-0.0012341861880639,0.00425,-0.277301770392302,0.2615557099520484,9.5,9.600000381469728,9.40999984741211,9.43000030517578,9.43000030517578,137207,-0.01770834057695307,-0.017708340576953474,-0.0054841861880639,-0.004784077663692387,0.012924262913261087,-0.0016810549477494696,0.9197588948362921,0.017147450337864533,-0.017040159213739265
511,2021-09-07,-0.00379711337665,0.0042,0.1423393547769015,-0.2559480700706272,9.43000030517578,9.579999923706056,9.420000076293944,9.520000457763672,9.520000457763672,159000,0.009544024355809706,0.00954402435580981,-0.00799711337665,0.00831065650394646,-0.0012333678518633498,-0.0016813025491347387,0.9197753050045968,0.017142706058694453,-0.01704141231582509
512,2021-09-08,-0.0090871590676433,0.00415,-0.0941305357810666,-0.0986522462277447,9.81999969482422,9.81999969482422,9.5,9.65999984741211,9.65999984741211,101137,0.014705817533261393,0.0147058175332615,-0.013237159067643299,-0.0024226529688791323,-0.017128470502140634,-0.0016543114282604133,0.9233129862853592,0.017070718235800756,-0.017136263624377576
513,2021-09-09,0.0019594026162989,0.0040999999999999995,0.0882813133585581,0.0348261922499798,9.65999984741211,9.65999984741211,9.5,9.649999618530272,9.649999618530272,112002,-0.0010352203974946204,-0.0010352203974948182,-0.0021405973837010993,-0.002920875793709692,-0.0018856553962148738,-0.0016831395975924262,0.9208064747136951,0.01726735538158124,-0.01701408322011419
514,2021-09-10,0.0098380135842534,0.004050000000000001,0.0826581534497834,0.1237918252824273,9.649999618530272,9.65999984741211,9.520000457763672,9.56999969482422,9.56999969482422,120002,-0.00829014786202022,-0.00829014786201987,0.0057880135842534,0.0004271072797488538,0.008717255141768724,-0.0016802221325052623,0.9208798763209637,0.017281560399645398,-0.016999997507674912
515,2021-09-13,-0.0016171937346456,0.0040999999999999995,0.1287582026647288,-0.1678336833635638,9.579999923706056,9.619999885559082,9.550000190734863,9.619999885559082,9.619999885559082,50000,0.005224680494180693,0.005224680494180456,-0.005717193734645599,0.0070807998859951805,0.0018561193918147246,-0.001665250369575625,0.9220320837593577,0.017139096408168786,-0.017071917327634675
516,2021-09-14,-0.0006540154274649,0.00415,0.0046471838640866,0.0813443558000714,9.600000381469728,9.850000381469728,9.600000381469728,9.75,9.75,185000,0.013513525570417696,0.01351352557041774,-0.0048040154274649,0.002522174504935578,-0.010991351065482161,-0.0016921123095367176,0.9194274616347972,0.01723844190210285,-0.01697491856579332
517,2021-09-15,-0.0046401406840558,0.004050000000000001,0.0832251412373015,-0.2169354772972213,9.75,9.81999969482422,9.56999969482422,9.800000190734863,9.800000190734863,101000,0.005128224690755208,0.005128224690755134,-0.0086901406840558,0.005043606774397847,-8.46179163572873e-05,-0.0017300019148593355,0.9162781432662803,0.017300778785921178,-0.01691004111314939
518,2021-09-16,-0.0043391022963005,0.004050000000000001,0.0790304164949682,-0.1359947530026623,9.800000190734863,9.81999969482422,9.65999984741211,9.779999732971191,9.779999732971191,38002,-0.0020408629973885867,-0.0020408629973885928,-0.0083891022963005,0.0034146399557731183,0.005455502953161711,-0.0017023061391513968,0.9182030493478123,0.01715047717177444,-0.01698783996838671
519,2021-09-17,-0.0001105497714739,0.004050000000000001,0.110144803623228,0.0072847067824768,9.779999732971191,10.300000190734863,9.779999732971191,10.199999809265137,10.199999809265137,735467,0.04294479424963625,0.04294479424963615,-0.004160549771473901,0.004439701959205948,-0.038505092290430205,-0.001704946229383891,0.9166515082368245,0.017245303214010622,-0.016901887120317573
520,2021-09-22,-0.0203144663473256,0.0040999999999999995,0.0759895801403334,-0.4161265077051996,10.100000381469728,10.100000381469728,9.880000114440918,10.0,10.0,223593,-0.01960782480441495,-0.01960782480441492,-0.024414466347325598,0.0020399920991328773,0.021647816903547796,-0.001689518785956278,0.9157053005804662,0.017176035569518917,-0.016929590172397205
521,2021-09-23,0.0090040179921117,0.004,0.1455001098574883,0.1626272950226433,10.0,10.0,9.920000076293944,9.960000038146973,9.960000038146973,276706,-0.0039999961853027345,-0.003999996185302779,0.0050040179921117,0.0019206512529552407,0.0059206474382580195,-0.001676284496352902,0.9169765474433895,0.017085087364089348,-0.01697462797144388
522,2021-09-24,0.0106550180585676,0.00415,-0.1363083759823677,0.2278072843037908,9.960000038146973,10.300000190734863,9.90999984741211,10.149999618530272,10.149999618530272,435116,0.01907626301763043,0.019076263017630213,0.006505018058567599,0.00872514823442853,-0.010351114783201682,-0.0016827292515185937,0.917551995143183,0.01720773871235555,-0.016978902697235555
523,2021-09-27,0.0031042578223438,0.00445,-0.1386157966777616,0.0388408547451357,10.25,10.25,10.0,10.050000190734863,10.050000190734863,202582,-0.009852160744208003,-0.009852160744207805,-0.0013457421776562001,-0.0029496872024261604,0.006902473541781645,-0.0016605534418262955,0.9192498202915659,0.0171937223519743,-0.017078547423131158
524,2021-09-28,-0.0076430541532942,0.0044,0.0223461216748008,-0.1731757900498066,10.050000190734863,10.149999618530272,10.0,10.100000381469728,10.100000381469728,354119,0.004975143262281594,0.004975143262281767,-0.012043054153294201,0.01013581150167608,0.005160668239394314,-0.0016191324371438286,0.9190686087386968,0.016816709126234803,-0.017256378303334315
525,2021-09-29,-0.0189727127645123,0.0044,0.0560181995262772,-0.4743674780730249,10.0,10.149999618530272,10.0,10.149999618530272,10.149999618530272,128000,0.004950419323971463,0.004950419323971111,-0.0233727127645123,-0.0030317001856641915,-0.007982119509635302,-0.001621679867286408,0.919256343692098,0.01678349970513204,-0.017273345026893278
526,2021-09-30,0.0047052165493471,0.0044,0.1442630311604737,-0.0146591962420214,10.050000190734863,10.25,10.050000190734863,10.25,10.25,198406,0.009852254702272262,0.009852254702272356,0.0003052165493470996,0.004453990265158893,-0.005398264437113463,-0.0016589300434028025,0.9163727739203584,0.016676359498988463,-0.017243113456509154
527,2021-10-01,-0.0214870893624225,0.00435,-0.2133911139929695,-0.2284032035167488,10.25,10.399999618530272,10.100000381469728,10.149999618530272,10.149999618530272,444004,-0.009756134777534299,-0.009756134777534453,-0.0258370893624225,-0.001445796241158752,0.008310338536375701,-0.0016515371251606384,0.9168420725759407,0.016683085490712797,-0.0172670305442814
528,2021-10-04,-0.0098088279805419,0.0043,-0.135535259142836,-0.0268920610785173,9.90999984741211,10.050000190734863,9.899999618530272,9.920000076293944,9.920000076293944,170002,-0.02266005427393624,-0.022660054273936248,-0.0141088279805419,0.005569468829382062,0.02822952310331831,-0.001643618741137138,0.9137417526432994,0.016839717780540858,-0.01710173773465779
529,2021-10-05,0.0031935198769205,0.0043,0.0943746286421693,-0.0024484545077548,9.81999969482422,10.0,9.510000228881836,10.0,10.0,111020,0.008064508376086847,0.008064508376087076,-0.0011064801230795001,0.006892556550196971,-0.0011719518258901055,-0.001627990592769579,0.9148764627705045,0.01680269944892153,-0.017175843747465114
530,2021-10-06,-0.0041061217593366,0.00435,-0.1937728567968893,-0.0263918978545796,9.869999885559082,9.979999542236328,9.800000190734863,9.84000015258789,9.84000015258789,31000,-0.015999984741210938,-0.015999984741210893,-0.0084561217593366,0.005229549071650903,0.021229533812861797,-0.0016287557491231632,0.9148700996669594,0.01680149016811546,-0.017174616969865046
531,2021-10-07,0.0195629894232279,0.00445,0.0977008991161491,0.3815064938421867,9.949999809265137,10.0,9.869999885559082,9.93000030517578,9.93000030517578,89001,0.009146356828482452,0.009146356828482194,0.015112989423227901,0.001054889489517053,-0.00809146733896514,-0.001608194073742492,0.9073355192314098,0.017593022971063587,-0.016695245062437053
532,2021-10-08,-0.0043933412297242,0.0046,0.0654496202335128,-0.0850233122319287,10.0,10.199999809265137,9.9399995803833,10.050000190734863,10.050000190734863,204002,0.012084580248858088,0.012084580248858279,-0.0089933412297242,-0.0008270243625977634,-0.012911604611456042,-0.001613464464678136,0.9091435618100486,0.01759478851611152,-0.01668328798039473
533,2021-10-12,-0.0106721909881571,0.00475,-0.1038818192660906,0.0212820540583374,10.050000190734863,10.100000381469728,9.970000267028809,10.0,10.0,111376,-0.004975143262281594,-0.004975143262281545,-0.0154221909881571,0.01151209199252573,0.016487235254807275,-0.0016212011566761957,0.9102472829490378,0.017314907039351495,-0.016836447044808817
534,2021-10-13,-0.006976293911928,0.0046500000000000005,0.01647230766105,-0.1813989145506583,10.100000381469728,10.100000381469728,9.949999809265137,9.960000038146973,9.960000038146973,214001,-0.0039999961853027345,-0.003999996185302779,-0.011626293911928001,0.0057089561862428955,0.009708952371545674,-0.001556354583691428,0.9174916841956426,0.016923140817216978,-0.01713336654799663
535,2021-10-14,0.0024032961811652,0.0046500000000000005,0.0988935664566897,-0.0671626652728535,10.0,10.100000381469728,9.960000038146973,10.050000190734863,10.050000190734863,143000,0.009036159863773943,0.00903615986377404,-0.0022467038188348004,-0.002447611160649254,-0.011483771024423294,-0.001591527504097303,0.9136368370353531,0.017190807522272214,-0.016924307344407474
536,2021-10-15,0.0240375567605732,0.0047,-0.349830330686982,0.7757043614245362,10.050000190734863,10.100000381469728,10.050000190734863,10.050000190734863,10.050000190734863,131033,0.0,0.0,0.0193375567605732,0.01119169082191902,0.01119169082191902,-0.0015743670063922592,0.9137443950627558,0.017139044983793178,-0.016982253982867308
537,2021-10-18,-0.0045127025016035,0.00495,0.1197372161141309,-0.1644084964142559,10.050000190734863,10.300000190734863,10.050000190734863,10.25,10.25,305000,0.019900478156161368,0.01990047815616136,-0.0094627025016035,-0.0032211507830481336,-0.023121628939209493,-0.0015434645961229234,0.914371599274621,0.016938451251295207,-0.01720335172382485
538,2021-10-19,0.0116853396087263,0.00485,-0.0342122757429328,0.4935847139962201,10.25,10.899999618530272,10.199999809265137,10.550000190734863,10.550000190734863,620038,0.029268311291206175,0.029268311291206217,0.0068353396087263,-0.0015319815432320687,-0.030800292834438286,-0.0015358211603104892,0.9147134424918472,0.016988220255743897,-0.017201355194750148
539,2021-10-20,-0.0007603017770537,0.0048,0.0711851574328496,-0.038447565668055,10.5,10.649999618530272,10.25,10.25,10.25,299001,-0.028436036522381018,-0.028436036522381025,-0.005560301777053699,0.006436757784908189,0.034872794307289214,-0.0015260645625211973,0.912777082013938,0.016691443319732442,-0.01728755019956906
540,2021-10-21,0.0001000397383284,0.00513,0.0408558450588898,-0.0928933568770046,10.350000381469728,10.399999618530272,10.25,10.300000190734863,10.300000190734863,151000,0.004878067388767149,0.004878067388767171,-0.0050299602616716,0.016441820387501825,0.011563752998734654,-0.0015342734639860389,0.9145374200918012,0.01681594494126168,-0.017292003494814513
541,2021-10-22,-4.55626753339056e-05,0.00513,-0.0368910640289201,0.1901805853897032,10.350000381469728,10.399999618530272,10.25,10.300000190734863,10.300000190734863,85000,0.0,0.0,-0.005175562675333906,0.017958454974817063,0.017958454974817063,-0.0015255360643862152,0.9148786101137867,0.01685051798937138,-0.017294458760514615
542,2021-10-25,0.0003256607611742,0.00513,0.1476686854447718,-0.2042032038784932,10.300000190734863,10.350000381469728,10.25,10.300000190734863,10.300000190734863,121196,0.0,0.0,-0.0048043392388258,0.00311398017080417,0.00311398017080417,-0.0015536288421192223,0.9123290647265028,0.017137591418537275,-0.01711132825234811
543,2021-10-26,0.0082927440021799,0.005450000000000001,0.0243346241723186,0.2741234648870684,10.300000190734863,10.600000381469728,10.25,10.600000381469728,10.600000381469728,290000,0.029126231570822864,0.029126231570822947,0.002842744002179899,0.007241502746148025,-0.02188472882467492,-0.0015573022909289814,0.91222204936943,0.017076046828963506,-0.01714526014767017
544,2021-10-27,0.0023605809129582,0.005350000000000001,0.0899025465410308,0.1332346418688107,10.699999809265137,11.0,10.5,10.75,10.75,682085,0.014150906899257628,0.014150906899257354,-0.0029894190870418005,-0.007554690836535154,-0.021705597735792507,-0.0015450642762674638,0.9103198365465884,0.017194797729284502,-0.017077301567534856
545,2021-10-28,-0.0019280110087083,0.0055000000000000005,0.1520588732159333,-0.0894685793453161,10.75,10.899999618530272,10.649999618530272,10.699999809265137,10.699999809265137,304036,-0.004651180533475654,-0.004651180533475685,-0.0074280110087083006,0.00013439453522995012,0.004785575068705635,-0.001551770268256535,0.9067960798492507,0.01722476897314713,-0.016956234406937137
546,2021-10-29,-0.0031816616362847,0.0054,0.2124640032283732,-0.1526144673904556,10.649999618530272,10.699999809265137,10.550000190734863,10.649999618530272,10.649999618530272,239004,-0.004672915105247767,-0.004672915105247921,-0.0085816616362847,0.012730800802304956,0.017403715907552877,-0.001551596068186228,0.906802182430056,0.017224084965114142,-0.016956981820865705
547,2021-11-01,0.0047582343265704,0.00555,0.1231642579556061,0.2117674648328409,10.649999618530272,10.75,10.649999618530272,10.699999809265137,10.699999809265137,177084,0.004694853758291818,0.004694853758292039,-0.0007917656734296001,0.002479552355225736,-0.0022153014030663032,-0.0015392301771943247,0.9076486635056473,0.017235247171242266,-0.016989610685473406
548,2021-11-02,-0.0001329680868581,0.005600000000000001,-0.0775281012871597,-0.0459635645017503,10.75,10.75,10.600000381469728,10.600000381469728,10.600000381469728,166000,-0.009345741082053159,-0.009345741082052994,-0.005732968086858101,0.0053501076025264166,0.014695848684579411,-0.0015427531983872392,0.9073256811404096,0.017264449562904436,-0.016990330148712984
549,2021-11-03,0.0032924850336647,0.0054,0.096119664562504,-0.1588334725727097,10.600000381469728,10.600000381469728,10.25,10.300000190734863,10.300000190734863,340000,-0.02830190376778715,-0.028301903767787295,-0.0021075149663353004,-0.0011427369884999942,0.0271591667792873,-0.0015182942996224244,0.9060405468606983,0.01744617640440864,-0.016962276068474606
550,2021-11-04,-0.0025289321472789,0.005450000000000001,0.0828727614106438,-0.0563677187216827,10.25,10.5,10.25,10.449999809265137,10.449999809265137,124002,0.01456306949054256,0.014563069490542535,-0.0079789321472789,-0.009380375417272362,-0.023943444907814897,-0.0015611123551283659,0.8923360562968575,0.018312397673795194,-0.01600221613237343
551,2021-11-05,0.0127667200038058,0.0053,-0.1421958977492146,0.4063529121340999,10.449999809265137,10.550000190734863,10.449999809265137,10.5,10.5,184217,0.004784707334686486,0.0047847073346865,0.0074667200038058,-0.02377095178459418,-0.02855565911928068,-0.0015953471274912233,0.893868917860064,0.01809104209538315,-0.0160866474010457
552,2021-11-08,0.0068451796536432,0.00525,-0.0112649790690669,-0.0477430754991021,10.5,10.850000381469728,10.5,10.649999618530272,10.649999618530272,261016,0.014285677955264137,0.014285677955264031,0.0015951796536431999,0.00413724417171293,-0.0101484337835511,-0.0015860104033303354,0.8945444525287557,0.01806889874900223,-0.01612350176910416
553,2021-11-09,0.0072383816583701,0.005450000000000001,-0.0392532497403184,0.3193962036782141,10.649999618530272,10.649999618530272,10.399999618530272,10.399999618530272,10.399999618530272,150119,-0.02347417924457171,-0.023474179244571736,0.0017883816583700992,0.004375809221665101,0.027849988466236836,-0.0015900070930681405,0.8926124901652783,0.01814632776300526,-0.01602282555624238
554,2021-11-10,0.0010427364968685,0.005350000000000001,0.0310853603952187,0.0428253004430433,10.399999618530272,10.449999809265137,10.25,10.399999618530272,10.399999618530272,64130,0.0,0.0,-0.0043072635031315,0.012567606329700637,0.012567606329700637,-0.0016057104624950123,0.8912342021781149,0.01815103014886859,-0.015955145331310063
555,2021-11-11,-0.0061009676725794,0.0054,0.1025412316296409,-0.031553012611945,10.399999618530272,10.550000190734863,10.300000190734863,10.449999809265137,10.449999809265137,196404,0.0048077108239287895,0.004807710823929057,-0.0115009676725794,0.010311146706467194,0.005503435882538137,-0.0016108697230304324,0.8842064888710576,0.018715773667214136,-0.015430521037142424
556,2021-11-12,0.0037594186906663,0.005450000000000001,0.044333910650839,0.0083544536847762,10.449999809265137,10.5,10.350000381469728,10.5,10.5,167000,0.004784707334686486,0.0047847073346865,-0.001690581309333701,-0.023906708320719925,-0.028691415655406425,-0.001621750026456102,0.8790345729524635,0.019086461325580516,-0.015120923608250148
557,2021-11-15,0.0066411105547678,0.00555,0.0038566412905004,0.2543579011656552,10.5,10.800000190734863,10.5,10.699999809265137,10.699999809265137,337066,0.01904760088239397,0.019047600882393878,0.0010911105547677996,-0.037869024300661275,-0.05691662518305515,-0.0016238040923446028,0.8803008005487549,0.01896102777267234,-0.015188185657765037
558,2021-11-16,0.0033264483656776,0.005600000000000001,0.0450329871329612,0.0563740140673577,10.699999809265137,10.699999809265137,10.550000190734863,10.699999809265137,10.699999809265137,252000,0.0,0.0,-0.002273551634322401,-0.007047868857692345,-0.007047868857692345,-0.0016248817185793686,0.8819927204530014,0.01877612099682244,-0.015277934780776993
559,2021-11-17,0.0040076684951113,0.005699999999999999,0.0604574057395674,0.0652512664441433,10.699999809265137,10.899999618530272,10.699999809265137,10.800000190734863,10.800000190734863,346986,0.009345830210495534,0.00934583021049562,-0.0016923315048886995,-0.0010091432916130919,-0.010354973502108712,-0.0016288934649734208,0.8807494829701339,0.01886825454722252,-0.015200681660677586
560,2021-11-18,0.0043531810447458,0.00565,-0.0546521779028073,0.0285633948425265,10.800000190734863,11.100000381469728,10.800000190734863,11.0,11.0,647241,0.018518500530834543,0.018518500530834592,-0.0012968189552541995,-0.0320912444153697,-0.050609744946204294,-0.0016521206383280744,0.878730698699195,0.0190221201509663,-0.015076169502102013
561,2021-11-19,-0.0012924228834823,0.005699999999999999,-0.0862961406820823,0.1476226581425738,11.0,11.199999809265137,11.0,11.050000190734863,11.050000190734863,402528,0.004545471884987571,0.004545471884987551,-0.006992422883482299,0.03691437828583723,0.032368906400849676,-0.0017843241265838765,0.8644316309323163,0.01937680069327878,-0.01438820952598202
562,2021-11-22,-0.0008290058889781,0.005600000000000001,0.138744506746544,-0.1185321235376176,11.149999618530272,12.149999618530272,11.149999618530272,12.149999618530272,12.149999618530272,3512317,0.0995474578107004,0.09954745781070029,-0.006429005888978101,0.010073227112091323,-0.08947423069860896,-0.0017765261764743114,0.8617697079531961,0.019565983701309648,-0.014266461439287325
563,2021-11-23,-0.0077186856721341,0.00575,-0.0673015118439076,-0.1890319942273244,12.050000190734863,12.100000381469728,11.399999618530272,11.550000190734863,11.550000190734863,1955334,-0.04938267050480691,-0.049382670504806825,-0.0134686856721341,-0.005603705043256756,0.043778965461550065,-0.0017716939888112056,0.8618594355979622,0.019555780866845958,-0.014249503478405633
564,2021-11-24,-0.00133586834704,0.005699999999999999,0.1983162683906562,-0.2147085072449068,11.699999809265137,11.75,11.350000381469728,11.699999809265137,11.699999809265137,441151,0.012986979744866116,0.012986979744866067,-0.00703586834704,0.014257517733926051,0.0012705379890599836,-0.0017296616600820463,0.8669718221015978,0.019344125101771158,-0.01449339488213075
565,2021-11-25,0.0006614657194698,0.005699999999999999,0.0270856496270963,-0.0006563042566479,11.699999809265137,11.800000190734863,11.550000190734863,11.600000381469728,11.600000381469728,423115,-0.008546959779966954,-0.008546959779966778,-0.0050385342805302,0.009500017235209369,0.018046977015176147,-0.0017200053187083016,0.8739971414728296,0.018955550060882807,-0.014963903023405766
566,2021-11-26,-0.0161320817860933,0.0055000000000000005,-0.0776877088426362,-0.2030102122022345,11.600000381469728,11.800000190734863,11.0,11.399999618530272,11.399999618530272,974080,-0.017241444513996895,-0.01724144451399723,-0.021632081786093302,0.0027291975516929128,0.01997064206569014,-0.0017198446719295533,0.8739783925474554,0.018956961550877022,-0.014962811674274127
567,2021-11-29,-0.002377791031457,0.0055000000000000005,0.0059484899682072,0.0020104486984992,10.800000190734863,11.300000190734863,10.800000190734863,11.300000190734863,11.300000190734863,262235,-0.008771879924703227,-0.008771879924703074,-0.007877791031457,0.004621725181334332,0.013393605106037407,-0.001730867867146158,0.869749845457267,0.019184845585493618,-0.01476454695909376
568,2021-11-30,0.0057519278104937,0.0055000000000000005,0.100550473948228,0.0860718976127307,11.350000381469728,12.199999809265137,11.350000381469728,11.949999809265137,11.949999809265137,629501,0.057522089164496075,0.05752208916449608,0.0002519278104936998,0.002850772182592334,-0.05467131698190375,-0.0017271136531355137,0.8699598122957952,0.019185396831804463,-0.014771790156754654
569,2021-12-01,0.0090792202140689,0.005450000000000001,-0.0940243902443602,0.1404352296930765,12.300000190734863,13.100000381469728,12.149999618530272,13.050000190734863,13.050000190734863,4369705,0.09205024259639473,0.09205024259639472,0.0036292202140688996,0.01337845021869911,-0.0786717923776956,-0.0017306205792938175,0.8652638528466903,0.019502336793125456,-0.014447885724463871
570,2021-12-02,0.0078977995068206,0.0055000000000000005,-0.2734480924052073,0.2857296071519944,13.0,13.050000190734863,12.5,12.800000190734863,12.800000190734863,2362279,-0.019157087842611147,-0.019157087842611165,0.0023977995068205993,0.005514317454346383,0.02467140529695755,-0.0017328924485957749,0.8653453931469831,0.01948755792548474,-0.014456135097413211
571,2021-12-03,-0.0015650448990368,0.00555,0.1665332047431129,-0.1794215675987265,12.800000190734863,13.850000381469728,12.800000190734863,13.25,13.25,1593009,0.03515623457497009,0.03515623457497008,-0.0071150448990368,0.009382713484400347,-0.025773521090569733,-0.0017261362599745216,0.8649425244599847,0.01955499787437049,-0.014417521900280068
572,2021-12-06,-0.0005045836324194,0.00565,0.138087187459981,-0.2388049771135012,13.449999809265137,14.149999618530272,13.199999809265137,14.0,14.0,2407186,0.05660377358490566,0.05660377358490565,-0.0061545836324194,0.0022385673358175603,-0.05436520624908809,-0.001672774531427122,0.8699198431869335,0.01928064977982164,-0.014665349020356402
573,2021-12-07,0.0061458439612188,0.0055000000000000005,-0.0319150163839127,0.1059052250022568,14.100000381469728,15.350000381469728,14.050000190734863,14.899999618530272,14.899999618530272,3604938,0.06428568703787667,0.06428568703787652,0.0006458439612187991,0.0059458090180552784,-0.05833987801982124,-0.0016743498382876558,0.8669598123069927,0.01932816622801753,-0.0145341296066616
574,2021-12-08,0.001994727186268,0.00555,0.1677820820400316,0.0320572542637213,14.949999809265137,15.199999809265137,14.5,14.899999618530272,14.899999618530272,1726979,0.0,0.0,-0.003555272813732,-0.0053475365973110825,-0.0053475365973110825,-0.001553097809877217,0.8636777909365179,0.020427060629441843,-0.014336118866924498
575,2021-12-09,0.0045814992641452,0.00565,-0.0466869464390236,0.1026585861973563,15.0,15.300000190734863,14.600000381469728,15.0,15.0,1723000,0.006711435169794356,0.006711435169794555,-0.0010685007358547998,-0.0029177519361996617,-0.009629187105994218,-0.0016616439020018278,0.8573010174931924,0.021301489987932964,-0.013679455634474737
576,2021-12-10,-0.0049044764250091,0.005600000000000001,0.0192244977840591,-0.0618731641509193,15.100000381469728,16.0,14.850000381469728,16.0,16.0,2190933,0.06666666666666667,0.06666666666666665,-0.0105044764250091,0.004385705799888152,-0.0622809608667785,-0.0016479465606698595,0.8577110041071869,0.0213913433621271,-0.013697944898225114
577,2021-12-13,-0.0032906597918603,0.00565,0.0709109896324256,-0.097373472336982,16.5,17.0,16.149999618530273,16.649999618530273,16.649999618530273,3068130,0.04062497615814209,0.04062497615814209,-0.0089406597918603,-0.005851522155495339,-0.04647649831363743,-0.0016595233476295553,0.8579207038770542,0.021366208287369532,-0.01370771914106632
578,2021-12-14,-0.0094683847254884,0.00565,-0.1497331084273198,-0.0389552526683872,16.5,16.5,15.0,15.050000190734863,15.050000190734863,4009763,-0.09609606393112008,-0.09609606393112013,-0.0151183847254884,0.0005293012619653585,0.0966253651930855,-0.0016601435742856648,0.85892720819097,0.021392411289840516,-0.01371597300163058
579,2021-12-15,0.0034507185038703,0.00565,0.0915532508440824,-0.0225726303788809,14.850000381469728,15.600000381469728,14.800000190734863,15.300000190734863,15.300000190734863,2016131,0.016611295470541316,0.0166112954705413,-0.0021992814961297,0.00464776878070006,-0.011963526689841238,-0.0016636768455739444,0.8598429954671601,0.021361965596653633,-0.013751891255239844
580,2021-12-16,0.0071143780487683,0.00565,0.0173137854396948,0.2527135070464603,15.699999809265137,15.800000190734863,15.399999618530272,15.550000190734863,15.550000190734863,1080632,0.016339869077347538,0.016339869077347524,0.0014643780487683007,0.006439886784672692,-0.009899982292674832,-0.0016193284047322162,0.8556538277730357,0.022198762982488074,-0.01329619769276438
581,2021-12-17,0.0015096143888971,0.00565,-0.0449430487180478,-0.0035600938933776,15.600000381469728,15.600000381469728,15.149999618530272,15.399999618530272,15.399999618530272,704200,-0.009646338930205577,-0.009646338930205722,-0.0041403856111029,-0.0013317802921288392,0.008314558638076883,-0.0013074971145001432,0.889056063987258,0.020488627479525852,-0.014735314864962837
582,2021-12-20,-0.0080550032313433,0.0059499999999999996,0.122858165055577,-0.2882239165573487,15.199999809265137,15.350000381469728,14.800000190734863,15.25,15.25,861400,-0.009740235210771319,-0.009740235210771164,-0.0140050032313433,0.008799471381818833,0.018539706592589997,-0.00135604886870096,0.8844050291510457,0.02097310775929544,-0.014502155990859295
583,2021-12-21,0.0068005779861216,0.00615,0.0797690576098238,0.0772929378356625,15.25,15.300000190734863,14.949999809265137,15.0,15.0,639001,-0.01639344262295082,-0.016393442622950838,0.0006505779861215996,0.001289356824602195,0.017682799447553032,-0.001306796877450834,0.8851463890048243,0.021288901083755234,-0.01454077957416828
584,2021-12-22,0.0021114159189627,0.0063,-0.0024687525835274,0.1346431671539118,15.199999809265137,15.350000381469728,15.050000190734863,15.050000190734863,15.050000190734863,353000,0.0033333460489908856,0.003333346048990826,-0.0041885840810373005,0.004167052391991055,0.0008337063430002289,-0.001147763354141877,0.8997985151839687,0.021078459506890645,-0.015321579805907412
585,2021-12-23,0.0067218948966166,0.006350000000000001,-0.0523655402694599,0.2388445301027247,15.0,15.050000190734863,14.5,14.899999618530272,14.899999618530272,1158950,-0.009966815302562836,-0.009966815302562937,0.00037189489661659976,0.00596152499242498,0.015928340294987915,-0.001008032918643492,0.909633721382128,0.020700082526384354,-0.015673435651309783
586,2021-12-24,0.0008347218156233,0.0064,0.0208267040279103,0.0011133505342956,14.800000190734863,15.149999618530272,14.699999809265137,15.100000381469728,15.100000381469728,638002,0.013422870339588711,0.013422870339588888,-0.0055652781843767,-0.0016596315204248455,-0.015082501860013734,-0.0010062912469860998,0.9109207360976228,0.020576854479590394,-0.01575440505371817
587,2021-12-27,0.0048602925505308,0.0064,0.0112073599614175,0.1066889004959013,15.300000190734863,15.300000190734863,14.899999618530272,15.0,15.0,509512,-0.0066225416518826095,-0.006622541651882696,-0.0015397074494692,0.012902159726155361,0.019524701378038058,-0.0009954215380862616,0.9114659858450518,0.020544673782447592,-0.01577491077380608
588,2021-12-28,0.0081927857386876,0.00655,-0.1258332053918168,0.2310846725629251,15.0,15.199999809265137,14.800000190734863,14.899999618530272,14.899999618530272,772106,-0.006666692097981771,-0.0066666920979818745,0.0016427857386875997,0.006363024770012366,0.01302971686799424,-0.000959456677675556,0.8992579947936084,0.020890498560072298,-0.015390956751504795
589,2021-12-29,0.0028284489673295,0.00695,0.0348496596605255,0.0465342619869004,14.899999618530272,14.899999618530272,14.699999809265137,14.699999809265137,14.699999809265137,976811,-0.013422806334599394,-0.013422806334599247,-0.004121551032670499,0.010570198452457541,0.023993004787056786,-0.0009218717813972451,0.89529255704445,0.021163455811774937,-0.015270021385561005
590,2021-12-30,-0.0016132728267723,0.00715,0.0438038587083551,-0.0163760262810489,14.699999809265137,14.75,14.449999809265137,14.5,14.5,649102,-0.013605429378242615,-0.013605429378242606,-0.0087632728267723,-0.004626273428988303,0.008979155949254303,-0.000981916889860232,0.908975259026596,0.022266949500755667,-0.01524243264909959
591,2022-01-03,0.0028360709198904,0.00715,-0.2626491293485539,0.4145448374102135,14.5,14.5,13.949999809265137,14.350000381469728,14.350000381469728,781274,-0.010344801277949893,-0.010344801277949789,-0.004313929080109601,0.012457972429131664,0.022802773707081454,-0.0009617534527004029,0.9097631484306582,0.022335002836763033,-0.015256291495001142
592,2022-01-04,0.0140028848144866,0.00715,-0.3651712599945244,0.6109373647746109,14.350000381469728,14.350000381469728,13.800000190734863,13.800000190734863,13.800000190734863,923957,-0.03832753840516151,-0.038327538405161676,0.0068528848144866,0.0011779621170847,0.03950550052224638,-0.0009648987356794352,0.9062106910736697,0.022592286594052484,-0.015005287404345709
593,2022-01-05,-0.0014243859384822,0.0076300000000000005,0.0125613284064124,-0.236668955217669,13.949999809265137,14.5,13.899999618530272,14.199999809265137,14.199999809265137,622464,0.02898547920302406,0.028985479203023967,-0.0090543859384822,0.001891121537669805,-0.027094357665354164,-0.000988679183545743,0.9044769470662302,0.022708737025675392,-0.014906658461350834
594,2022-01-06,-0.0071373672664004,0.00779,0.0428231406517148,-0.2400066539323402,14.300000190734863,14.300000190734863,13.899999618530272,14.0,14.0,286278,-0.014084493799404275,-0.01408449379940424,-0.0149273672664004,0.009122587598893794,0.023207081398298034,-0.0010019112100811817,0.9046447047666176,0.02268232046311401,-0.014868781598048775
595,2022-01-07,-0.0107883830663919,0.00783,0.0563193149263773,-0.3655083992366265,14.149999618530272,14.149999618530272,13.350000381469728,13.600000381469728,13.600000381469728,680000,-0.02857140132359096,-0.028571401323590817,-0.0186183830663919,0.0027043254960637964,0.03127572681965461,-0.001032253555240229,0.9044513007728995,0.02245156541120199,-0.014956624886213295
596,2022-01-10,0.0038317013900048,0.008409999999999999,-0.1076104460364982,0.2475014184612803,13.550000190734863,14.050000190734863,13.550000190734863,13.800000190734863,13.800000190734863,260004,0.01470586791583039,0.014705867915830284,-0.004578298609995199,-0.006115157718605858,-0.020821025634436142,-0.001032589535347824,0.9034630989608662,0.0224991713281584,-0.014902498920058469
597,2022-01-11,0.0026771784909519,0.00774,-0.2296071171778065,0.0651068478001598,13.800000190734863,13.800000190734863,13.199999809265137,13.25,13.25,555081,-0.03985508573428326,-0.0398550857342832,-0.005062821509048101,0.00928654859734986,0.04914163433163306,-0.0010375402301882638,0.9050578301174614,0.0224254821520415,-0.015017440230770552
598,2022-01-12,0.0047675222810459,0.00774,-0.1389138549996604,0.2190401108388049,13.300000190734863,13.649999618530272,13.199999809265137,13.199999809265137,13.199999809265137,341706,-0.0037735993007443984,-0.00377359930074439,-0.0029724777189541005,-0.011251027535486284,-0.007477428234741894,-0.0010230144487429298,0.9044880029672325,0.02246196146886175,-0.014994121256487209
599,2022-01-13,0.0033484602004314,0.00757,-0.0663901690398082,-0.0258487030243693,13.449999809265137,13.449999809265137,13.199999809265137,13.300000190734863,13.300000190734863,188018,0.007575786584446453,0.0075757865844463534,-0.0042215397995686,0.0018281654839561968,-0.005747621100490157,-0.0010323820833549992,0.9049952423460143,0.02240757955964861,-0.01504041556078547
600,2022-01-14,-0.0018224080660122,0.0073,-0.1926704293326263,0.0831484250242816,13.399999618530272,13.699999809265137,12.899999618530272,13.100000381469728,13.100000381469728,518047,-0.015037579428341809,-0.015037579428341719,-0.0091224080660122,-0.012793851760273822,0.002243727668067897,-0.0010460594482375797,0.9043091344312699,0.022478812631871632,-0.015021863889680402
601,2022-01-17,0.0066351782248987,0.00715,-0.1288994730486424,0.3529018248067209,13.0,13.399999618530272,13.0,13.399999618530272,13.399999618530272,187592,0.022900704452261177,0.02290070445226089,-0.0005148217751013004,-0.008964930045562605,-0.031865634497823495,-0.0010582014805929757,0.90590977494873,0.02235424392344515,-0.015117458613809639
602,2022-01-18,-0.0079241752130331,0.0073,0.3362404963660373,-0.3958657940934639,13.449999809265137,13.600000381469728,13.300000190734863,13.449999809265137,13.449999809265137,165001,0.003731357623750989,0.003731357623751208,-0.015224175213033101,0.013929369142426483,0.010198011518675274,-0.0010593925035647508,0.9089290084174265,0.022209313636967813,-0.015249424921295236
603,2022-01-19,-0.0082258362076221,0.0074,0.0502118515182358,-0.1510088775827904,13.300000190734863,13.399999618530272,13.300000190734863,13.350000381469728,13.350000381469728,2456001,-0.007434901800260605,-0.007434901800260518,-0.0156258362076221,0.012862138434544625,0.020297040234805143,-0.0010589922310022056,0.9090849045066569,0.022209275269847402,-0.015256823751218842
604,2022-01-20,-0.0005037257057624,0.0072499999999999995,0.1049673631516344,-0.0874944030797278,13.800000190734863,14.199999809265137,13.399999618530272,14.0,14.0,653002,0.04868910861100019,0.048689108610999954,-0.007753725705762399,0.0031855442922988373,-0.04550356431870112,-0.0010865230802969983,0.9113931131485242,0.022753105303285434,-0.015491624761647615
605,2022-01-21,-0.0175087070753007,0.006999999999999999,-0.0837893989594616,-0.2644125226958009,13.899999618530272,13.949999809265137,13.649999618530272,13.75,13.75,329001,-0.017857142857142856,-0.017857142857142905,-0.0245087070753007,-0.01723842625952745,0.0006187165976154554,-0.0009905424114616645,0.9209730822209172,0.022214120522040047,-0.016096660842388665
606,2022-01-24,0.0050135076418182,0.006850000000000001,-0.2554048695366002,0.307392495325657,13.800000190734863,13.800000190734863,13.149999618530272,13.75,13.75,552003,0.0,0.0,-0.0018364923581818014,-0.011175793492661071,-0.011175793492661071,-0.0010071063805384877,0.9213645706269433,0.02225705354822331,-0.016037933408151787
607,2022-01-25,-0.0160052974966961,0.00695,-0.0267849967494545,-0.3330809950811845,13.75,13.75,13.25,13.600000381469728,13.600000381469728,382001,-0.010909063165838067,-0.010909063165837951,-0.0229552974966961,0.0010815659927264016,0.011990629158564352,-0.001054308140391968,0.920418865393166,0.022483027246948083,-0.015758009816391593
608,2022-01-26,-0.0015094384591016,0.00695,0.1591539739988877,-0.1277050372553163,13.600000381469728,13.600000381469728,13.350000381469728,13.449999809265137,13.449999809265137,226001,-0.011029453529204944,-0.011029453529205036,-0.0084594384591016,0.0074099671541400635,0.0184394206833451,-0.0010651498164133263,0.9143322352301974,0.022624189747919646,-0.015451858014322908
609,2022-02-07,0.0127812194831132,0.0070999999999999995,0.2265119830668612,-0.136256291167009,13.800000190734863,14.100000381469728,13.600000381469728,13.949999809265137,13.949999809265137,318040,0.03717472171676695,0.037174721716767056,0.005681219483113201,-0.004295732487331104,-0.04147045420409816,-0.001183610793281919,0.902899986544744,0.023841467648390707,-0.014715401190455522
610,2022-02-08,0.0037016006845206,0.0070999999999999995,0.2876673618430554,-0.1872045997672203,13.949999809265137,14.050000190734863,13.699999809265137,13.850000381469728,13.850000381469728,148052,-0.007168417861123825,-0.007168417861123655,-0.0033983993154793994,-0.010972248499414094,-0.003803830638290439,-0.0011843725027862848,0.9030289979337479,0.023846002366863253,-0.014721651450569058
611,2022-02-09,0.0103079951372335,0.00715,0.0495468670771892,0.2312977975828557,13.850000381469728,15.199999809265137,13.850000381469728,15.199999809265137,15.199999809265137,1774702,0.09747288018862507,0.09747288018862488,0.003157995137233499,-0.005898747534402667,-0.10337162772302755,-0.001165937221732847,0.9047068644676861,0.023733964508330402,-0.014817359475098685
612,2022-02-10,0.0102629727382019,0.0070999999999999995,-0.2237925858689342,0.387823266985259,15.25,15.699999809265137,14.899999618530272,15.199999809265137,15.199999809265137,1741656,0.0,0.0,0.0031629727382019,0.014267732228355702,0.014267732228355702,-0.0011752296217029882,0.90492556434547,0.023857626580783116,-0.014790382640002571
613,2022-02-11,-0.0014784192959439,0.0072499999999999995,-0.0186491254761187,0.0232584048892023,14.850000381469728,15.199999809265137,14.699999809265137,15.100000381469728,15.100000381469728,459393,-0.006578909805936685,-0.006578909805936561,-0.008728419295943899,-0.008276537675684512,-0.001697627869747951,-0.0011902635289930859,0.8966612050528373,0.024082164708430172,-0.014312209599777545
614,2022-02-14,-0.0171083265308125,0.00705,0.0629213309683354,-0.4395895183444276,15.0,15.0,14.5,14.800000190734863,14.800000190734863,464005,-0.019867561798409927,-0.019867561798410094,-0.024158326530812502,0.0071379234482153615,0.027005485246625455,-0.0011904766749026648,0.8972639256522262,0.024009111102260873,-0.0143365908537981
615,2022-02-15,-0.0025480729004959,0.00705,0.102325540955869,-0.0297535622073274,15.100000381469728,15.199999809265137,14.550000190734863,14.649999618530272,14.649999618530272,418000,-0.010135173666990465,-0.010135173666990571,-0.0095980729004959,0.0006467751913555352,0.010781948858346106,-0.001189790630693343,0.8981743840614029,0.02398030560592517,-0.014365233055154058
616,2022-02-16,0.0155783816634964,0.00694,-0.0796390318270447,0.4172893816184841,15.050000190734863,15.600000381469728,14.75,14.949999809265137,14.949999809265137,896015,0.02047782925232322,0.020477829252323332,0.0086383816634964,0.003680216079206871,-0.01679761317311646,-0.0011566341743996273,0.8928897775225786,0.024492895311752444,-0.014125019430796103
617,2022-02-17,0.0020349213719023,0.00705,0.0674958946655239,-0.0110980754331674,14.899999618530272,15.0,14.550000190734863,14.75,14.75,383000,-0.013377913833897744,-0.013377913833897748,-0.0050150786280977,-0.0035805531075622436,0.009797360726335504,-0.0011571213267141341,0.8938404319229064,0.024526186925903436,-0.014126194200438882
618,2022-02-18,-0.0019826785843343,0.006860000000000001,0.2003767763303241,-0.228415102388595,14.850000381469728,14.850000381469728,14.350000381469728,14.75,14.75,246004,0.0,0.0,-0.008842678584334301,0.001400248924307456,0.001400248924307456,-0.0011497534309447745,0.8935930161555026,0.02442271355088883,-0.014120787708838114
619,2022-02-21,-0.0005956102879036,0.00705,0.0985875517616118,-0.1352813770996254,14.850000381469728,15.600000381469728,14.699999809265137,15.199999809265137,15.199999809265137,2127004,0.030508461645094014,0.03050846164509391,-0.0076456102879036,-0.005428198086711994,-0.0359366597318059,-0.0011499871606967058,0.893623894239868,0.02442534961545896,-0.014119352417788668
620,2022-02-22,-0.013840864201064,0.00705,-0.0957383620836186,-0.1955699900047072,15.0,15.199999809265137,14.5,14.699999809265137,14.699999809265137,952005,-0.03289473725487982,-0.03289473725487979,-0.020890864201064,-0.0074749310133135575,0.025419806241566235,-0.0011566164241708192,0.896050868188843,0.02416945928387301,-0.014238838575303685
621,2022-02-23,0.0048105078586772,0.0072,0.1115748273344831,0.0442898225041803,14.649999618530272,14.899999618530272,14.5,14.800000190734863,14.800000190734863,177587,0.006802747127023646,0.006802747127023556,-0.0023894921413228,-0.009317386238611869,-0.016120133365635426,-0.001076964079333407,0.9059601738424532,0.02417078590366851,-0.014604884504920819
622,2022-02-24,-0.0255420121771416,0.006999999999999999,0.1006107975200589,-0.5709861232981173,14.699999809265137,14.699999809265137,14.0,14.5,14.5,842002,-0.02027028289652795,-0.02027028289652799,-0.0325420121771416,0.005666926863099049,0.02593720975962704,-0.0011042986250789995,0.90560739038545,0.02373265108374411,-0.014663415067120471
623,2022-02-25,0.0032753837802675,0.00715,0.0485535700843968,0.0150416904869152,14.5,14.550000190734863,14.25,14.399999618530272,14.399999618530272,237073,-0.006896578032394935,-0.006896578032395073,-0.0038746162197325,-0.012686315637828833,-0.00578973760543376,-0.0010824089382038423,0.8909055208260854,0.02534613802145448,-0.013354099025963483
624,2022-03-01,0.0139399392514823,0.0070999999999999995,0.1489318642986656,0.0954646648046603,14.399999618530272,14.449999809265137,14.149999618530272,14.300000190734863,14.300000190734863,342002,-0.006944404891978499,-0.00694440489197834,0.006839939251482301,-0.012414443898745662,-0.005470039006767322,-0.0010800030604137588,0.8908870818957237,0.025324945786135908,-0.013348043960827533
625,2022-03-02,-0.0017124797466232,0.0069,0.0903327269462788,-0.0983049229899828,14.25,14.25,13.949999809265137,14.149999618530272,14.149999618530272,613015,-0.010489550363906775,-0.010489550363906863,-0.0086124797466232,-0.010712193033697312,-0.00022264266979044912,-0.0010810730358656998,0.8917173693540315,0.02530466268061357,-0.013380357043926275
626,2022-03-03,0.003738654475722,0.00705,0.0389694578679485,-0.0198328609978708,14.149999618530272,14.399999618530272,14.0,14.0,14.0,335115,-0.010600680040573284,-0.01060068004057313,-0.0033113455242779997,0.02096919983714421,0.03156987987771734,-0.001093399523534819,0.8929913437230296,0.02536967581069919,-0.013304244378228112
627,2022-03-04,-0.0110335921505599,0.006999999999999999,0.0275337349630974,-0.3240238389567988,14.0,14.0,13.699999809265137,13.699999809265137,13.699999809265137,360083,-0.021428585052490234,-0.021428585052490234,-0.0180335921505599,-0.018178298342348197,0.003250286710142037,-0.001086308459489569,0.8966995224310523,0.02515012274229582,-0.013482525285487882
628,2022-03-07,-0.031450932475346,0.00695,-0.042388707463646,-0.6736804898005895,13.25,13.649999618530272,13.0,13.300000190734863,13.300000190734863,620600,-0.029197052853953964,-0.02919705285395402,-0.038400932475346,0.006360514085813569,0.03555756693976759,-0.001074431612020722,0.8959751169028776,0.02524905051352691,-0.013330896329936693
629,2022-03-08,-0.020574296665029,0.006999999999999999,-0.0024708084284156,-0.4152613993917358,13.149999618530272,13.300000190734863,12.850000381469728,12.899999618530272,12.899999618530272,279005,-0.03007523056151841,-0.030075230561518507,-0.027574296665029,0.015674052153960963,0.04574928271547947,-0.001089731568734301,0.8971567921552968,0.02511173080630756,-0.013401405449381428
630,2022-03-09,0.0112990520200294,0.00715,0.0364235919593598,0.1778027059597468,13.0,14.149999618530272,12.899999618530272,14.149999618530272,14.149999618530272,1085084,0.09689922767163736,0.09689922767163739,0.0041490520200294,-0.001031404071194138,-0.09793063174283152,-0.0010972129003955374,0.8972685906232649,0.025035935406100857,-0.013403599120277391
631,2022-03-10,0.0245566276057569,0.0073,-0.0679794155092294,0.6220037704030659,14.25,14.350000381469728,13.850000381469728,14.050000190734863,14.050000190734863,617070,-0.0070670975612221855,-0.0070670975612220355,0.0172566276057569,0.006896214034535026,0.01396331159575706,-0.0010566754578394209,0.8978331343436305,0.025145564476763492,-0.013461930528481303
632,2022-03-11,-0.0096631135949973,0.0073,0.1313765116779589,-0.4239362851111216,13.949999809265137,14.149999618530272,13.949999809265137,14.050000190734863,14.050000190734863,190001,0.0,0.0,-0.0169631135949973,-0.005631884284474202,-0.005631884284474202,-0.0010655115543616487,0.9019982405611449,0.0253551682638734,-0.013446392508450497
633,2022-03-14,-9.853446109851556e-05,0.0073,0.0989563263887167,-0.2365070516808037,14.5,14.5,14.0,14.100000381469728,14.100000381469728,178006,0.003558732388333733,0.0035587323883339295,-0.007398534461098515,0.0047463903738298886,0.001187657985495959,-0.0010652579357353152,0.9019148258539217,0.025365204453439136,-0.013440317274827964
634,2022-03-15,-0.0195202313106623,0.0075,0.0209715457582447,-0.5576536351106784,14.0,14.0,13.649999618530272,13.800000190734863,13.800000190734863,232100,-0.021276608696346185,-0.02127660869634629,-0.0270202313106623,0.005967857114154311,0.0272444658105006,-0.0010640298930142756,0.9042670319229598,0.02535290200220401,-0.013446625711371708
635,2022-03-16,0.0008725911861828,0.0076,-0.0181629173498592,0.0589809454440277,14.100000381469728,14.100000381469728,13.399999618530272,13.850000381469728,13.850000381469728,251001,0.003623202177086399,0.0036232021770865597,-0.0067274088138172,-0.00012694481701489577,-0.0037501469941014554,-0.001075757220551441,0.9046013880406891,0.02529227582065554,-0.013474644999129636
636,2022-03-17,0.0299507534554149,0.0076,-0.1611791133918761,0.858554065819039,14.149999618530272,14.149999618530272,13.800000190734863,13.899999618530272,13.899999618530272,381001,0.003610053117936527,0.003610053117936163,0.0223507534554149,-0.00045288742504377157,-0.004062940542979935,-0.0011227554449133727,0.9006520324425922,0.025046616087831666,-0.013454490560263344
637,2022-03-18,0.0004756260403969,0.00835,0.0306239058407375,-0.0619861586632067,13.899999618530272,13.899999618530272,13.800000190734863,13.800000190734863,13.800000190734863,123421,-0.007194203635955471,-0.007194203635955354,-0.0078743739596031,-0.0065037073559852275,0.0006904962799701266,-0.0011317670167460027,0.9019337575475845,0.024940612546157717,-0.013503688553251476
638,2022-03-21,0.0059484849522328,0.0084,-0.0319527116560293,0.1945062260976517,13.949999809265137,14.600000381469728,13.949999809265137,14.199999809265137,14.199999809265137,872000,0.02898547920302406,0.028985479203023967,-0.0024515150477671995,0.0011943915708027926,-0.027791087632221174,-0.0011598293383657126,0.9004190660719142,0.024956196628957025,-0.013438569087270357
639,2022-03-22,-3.692620897742874e-05,0.00865,0.0903887151143999,-0.0445653299853286,14.350000381469728,14.350000381469728,13.949999809265137,14.199999809265137,14.199999809265137,170001,0.0,0.0,-0.008686926208977428,-0.011189046227790097,-0.011189046227790097,-0.0011876266737611493,0.8999284878520075,0.025115504990174425,-0.013275145619240012
640,2022-03-23,0.0097756850175939,0.00905,-0.0223321558300005,0.220340545521867,14.0,14.050000190734863,13.949999809265137,13.949999809265137,13.949999809265137,153203,-0.017605634039296353,-0.01760563403929638,0.0007256850175938988,0.003918920225647734,0.021524554264944117,-0.0011966801636099599,0.9010370027317262,0.02530298373801368,-0.01315227058357495
641,2022-03-24,-0.0018221150038536,0.009300000000000001,-0.0505733317266808,0.0168443314541642,14.149999618530272,14.199999809265137,13.800000190734863,14.199999809265137,14.199999809265137,147554,0.017921147198436384,0.017921147198436405,-0.011122115003853602,-0.009029637399282184,-0.02695078459771859,-0.0012024810058339323,0.9047368559149906,0.02541512074456262,-0.013112475664080034
642,2022-03-25,-0.0012492938857652,0.00945,-0.2242132643998742,0.2094672696095924,14.199999809265137,14.199999809265137,13.850000381469728,14.100000381469728,14.100000381469728,153000,-0.007042213319620123,-0.007042213319619961,-0.0106992938857652,0.003964108400341962,0.011006321719961923,-0.0010734150165075647,0.9090929628520391,0.02603743917703519,-0.012826380859532405
643,2022-03-28,-0.008878197882615,0.00975,0.1889768790003591,-0.4362979253104986,13.699999809265137,13.850000381469728,13.550000190734863,13.699999809265137,13.699999809265137,259086,-0.028368834140619748,-0.02836883414061986,-0.018628197882615,0.009820530373689244,0.0381893645143091,-0.0010824133608381325,0.9107209476699273,0.025740368960664138,-0.013164174384139964
644,2022-03-29,0.0016352953570387,0.0097,0.0192718107078089,0.1345963480857855,13.699999809265137,14.050000190734863,13.649999618530272,14.050000190734863,14.050000190734863,91000,0.025547473455658425,0.025547473455658443,-0.008064704642961301,0.00441637922157179,-0.021131094234086652,-0.001081805635432078,0.9107563968172976,0.025738810612197353,-0.013167814651747677
645,2022-03-30,0.0109353300432257,0.00955,-0.047637583233332,0.3775169611811053,14.050000190734863,14.050000190734863,13.649999618530272,13.899999618530272,13.899999618530272,185000,-0.010676197165001199,-0.010676197165001344,0.0013853300432257014,-0.0011424896776915782,0.009533707487309766,-0.001086519684517785,0.9103150835737961,0.0257515942535102,-0.013142749302371087
646,2022-03-31,-0.0026543605330607,0.00955,0.0203640297287494,-0.1348665532189863,14.0,14.0,13.75,13.800000190734863,13.800000190734863,99001,-0.007194203635955471,-0.007194203635955354,-0.012204360533060699,0.0011356944400493052,0.00832989807600466,-0.0011111835791524026,0.9092001836371083,0.025972218066287335,-0.01293135355235914
647,2022-04-01,-0.003836492032228,0.0094,0.1378950747918927,-0.2158372807206201,13.600000381469728,13.75,13.5,13.75,13.75,173000,-0.003623202177086399,-0.0036232021770864486,-0.013236492032228,0.00023777580032911696,0.003860977977415566,-0.0011096301774890691,0.9084419216331846,0.025995251617620924,-0.012897334729021938
648,2022-04-06,-0.0058488734087134,0.00955,0.1968317761159138,-0.3509641424812825,13.649999618530272,13.899999618530272,13.5,13.600000381469728,13.600000381469728,312040,-0.010909063165838067,-0.010909063165837951,-0.0153988734087134,0.0030733577875818935,0.013982420953419845,-0.0011082764609292352,0.9098964761868926,0.025862137963438697,-0.013093491100317366
649,2022-04-07,-0.0196244337637323,0.01015,-0.0438973267243625,-0.3944548396935435,13.899999618530272,14.25,13.800000190734863,14.100000381469728,14.100000381469728,833216,0.036764704851130744,0.036764704851130814,-0.0297744337637323,-0.010692283563555715,-0.04745698841468653,-0.0011183357959320397,0.9102189237660376,0.025848084985894294,-0.013095435687607215
650,2022-04-08,0.0061651131566868,0.01015,0.1351875351136942,-0.0410138512134015,15.0,15.5,15.0,15.5,15.5,5727679,0.09929075040098284,0.09929075040098279,-0.0039848868433132,0.010195846080170348,-0.08909490432081243,-0.0011202478044094219,0.9040101895831686,0.026122981422299293,-0.012735376497696668
651,2022-04-11,-0.0136636517190896,0.01035,-0.0283631448177236,-0.3722676902716348,15.649999618530272,17.049999237060547,15.600000381469728,17.049999237060547,17.049999237060547,6539709,0.0999999507780998,0.09999995077809976,-0.024013651719089597,0.0035639103577690973,-0.09643604042033066,-0.001120073969348356,0.9046309279196956,0.026083616217269255,-0.012764663244574575
652,2022-04-12,-0.0033703507884563,0.0103,-0.0169810514026403,-0.009104470291229,17.299999237060547,18.75,17.299999237060547,18.700000762939453,18.700000762939453,7700261,0.09677428737312775,0.09677428737312765,-0.0136703507884563,-0.0008555195426133488,-0.097629806915741,-0.0011303945262984122,0.9075746517911721,0.02589081566182757,-0.01299160961497212
653,2022-04-13,0.0182886161787334,0.01005,-0.124718206756782,0.4928332035646153,18.700000762939453,18.899999618530277,17.549999237060547,18.350000381469727,18.350000381469727,3782341,-0.01871659717594097,-0.018716597175940985,0.0082386161787334,-0.00370611460512495,0.015010482570816035,-0.0011318025414823547,0.9022464081053211,0.025960167845628858,-0.012803060753215273
654,2022-04-14,-0.0032366854453575,0.01005,0.02560857598936,0.0997935430987555,18.850000381469727,20.149999618530277,18.149999618530277,20.149999618530277,20.149999618530277,4712148,0.09809259943548718,0.09809259943548732,-0.0132866854453575,-0.0092306266198409,-0.10732322605532821,-0.0011335962955308007,0.9012671202015482,0.025947574727208524,-0.012767551749558964
655,2022-04-15,-0.0140018322101825,0.01,0.0685719851482777,-0.5175819826988209,19.950000762939453,21.399999618530277,19.25,19.649999618530277,19.649999618530277,4702213,-0.024813896251401995,-0.024813896251401957,-0.0240018322101825,0.008611723712357534,0.03342561996375949,-0.0011705925335578284,0.9026367996532901,0.025769178551698222,-0.012637725249299759
656,2022-04-18,-0.0061932153629507,0.00995,-0.026714323222471,0.0987557094651514,19.450000762939453,19.5,18.299999237060547,18.450000762939453,18.450000762939453,2944334,-0.061068645235962324,-0.06106864523596245,-0.0161432153629507,-0.021546503601220575,0.039522141634741874,-0.0012108236991165812,0.8901252094033847,0.026340255887502412,-0.012012797625302704
657,2022-04-19,0.0055939394058473,0.01,0.0323841493197394,0.0987720236065143,19.0,19.149999618530277,17.399999618530273,18.450000762939453,18.450000762939453,2225048,0.0,0.0,-0.0044060605941527,-0.011551265524997105,-0.011551265524997105,-0.0011926569986755345,0.8960915407767254,0.026040930770017595,-0.012379814981910946
658,2022-04-20,0.0091494618602511,0.010400000000000001,-0.0346275427012354,0.2191749068568083,18.600000381469727,18.799999237060547,17.5,17.600000381469727,17.600000381469727,1663102,-0.04607047947537887,-0.0460704794753789,-0.0012505381397489006,0.005771615576347076,0.051842095051725975,-0.0011989386691898148,0.8966430587654624,0.026042605194516844,-0.012379002240343934
659,2022-04-21,-0.0012205834769419,0.01035,0.1119671996532229,-0.0679408076400893,17.950000762939453,17.950000762939453,16.450000762939453,16.700000762939453,16.700000762939453,2273831,-0.051136340853597015,-0.05113634085359697,-0.0115705834769419,-0.0077244353508181445,0.043411905502778826,-0.0012012785189740914,0.8977000749227796,0.025967822702462867,-0.012412064236613599
660,2022-04-22,-0.0060053526365783,0.010400000000000001,0.0495113983051671,-0.3675076270739681,16.5,17.5,16.25,17.100000381469727,17.100000381469727,1668274,0.0239520718716343,0.023952071871634395,-0.016405352636578302,0.015783897664268486,-0.00816817420736591,-0.0012149541083787388,0.8989161500500432,0.025810565557175105,-0.012410232288814122
661,2022-04-25,-0.0237408117569129,0.01045,-0.1248259277570268,-0.3775601702907482,16.399999618530273,16.899999618530273,16.0,16.899999618530273,16.899999618530273,1607115,-0.011695950788175554,-0.011695950788175535,-0.0341908117569129,-0.0004737486645470185,0.011222202123628518,-0.001224563886595217,0.8830196658860222,0.02546095621039899,-0.012357151549664078
662,2022-04-26,0.0014372670140345,0.0105,0.0130318127717769,0.0413007446617687,17.149999618530273,17.5,15.600000381469728,16.100000381469727,16.100000381469727,2208550,-0.04733723403066678,-0.04733723403066681,-0.0090627329859655,-0.011035783148485268,0.03630145088218154,-0.0011489431746510845,0.8770525244762275,0.026694454420452384,-0.011871514989002558
663,2022-04-27,-0.0205132940911969,0.0102,0.2466297293830349,-0.5385614794008047,15.149999618530272,16.899999618530273,15.100000381469728,16.350000381469727,16.350000381469727,1382008,0.015527949942643303,0.015527949942643282,-0.0307132940911969,-0.002514573887471131,-0.018042523830114413,-0.0010276769233071182,0.8688131705898801,0.025321282528187238,-0.01273199419940383
664,2022-04-28,0.007117019065412,0.010249999999999999,-0.0821568023130754,0.1595830581227323,16.899999618530273,16.899999618530273,16.149999618530273,16.149999618530273,16.149999618530273,506000,-0.012232462279702696,-0.01223246227970265,-0.0031329809345879986,0.00636857358313413,0.01860103586283678,-0.0011158685294943935,0.830423284464389,0.026375361098553506,-0.011226179535585764
665,2022-04-29,0.0105240769798172,0.01035,-0.0159877094578465,0.2582948194191223,16.649999618530273,17.75,16.149999618530273,17.75,17.75,1330137,0.09907123339086085,0.09907123339086077,0.00017407697981720004,0.0029648519298756306,-0.09610638146098514,-0.0011200953104243078,0.8344823111393888,0.02617498695466684,-0.011610875915196963
666,2022-05-03,-0.0056218832384797,0.01055,0.1873927616569913,-0.2332058287260632,17.75,19.450000762939453,17.649999618530273,19.200000762939453,19.200000762939453,2738233,0.08169018382757483,0.08169018382757476,-0.0161718832384797,0.00230632829223456,-0.07938385553534019,-0.001398805642786692,0.7645359764952249,0.029083874914887235,-0.008338730486258114
667,2022-05-04,0.0040566150419352,0.01055,-0.0339127585900705,0.0162363804359089,19.200000762939453,20.100000381469727,18.100000381469727,18.799999237060547,18.799999237060547,2253631,-0.02083341197834762,-0.02083341197834765,-0.006493384958064801,0.004513742499397789,0.025347154477745437,-0.0014423139252782002,0.7627728058504185,0.029361778375931173,-0.008010358287089677
668,2022-05-05,0.0078649281011306,0.0106,-0.061481935793107,0.2941575231488486,19.200000762939453,19.200000762939453,18.399999618530277,18.799999237060547,18.799999237060547,1001800,0.0,0.0,-0.0027350718988693994,0.0026225422443155637,0.0026225422443155637,-0.0012749795587331876,0.8040188135616424,0.02795698152392232,-0.009835428382956288
669,2022-05-06,-0.0172447213301463,0.0106,0.0592666561109376,-0.5286585960258245,18.299999237060547,18.799999237060547,17.899999618530273,18.049999237060547,18.049999237060547,1116079,-0.03989361864023487,-0.039893618640234885,-0.027844721330146302,0.003065605499613879,0.04295922413984876,-0.0012747554388918697,0.8051251388005048,0.027890382978933155,-0.00989772908326475
670,2022-05-09,-0.0218963270792351,0.0139,-0.143942728901193,-0.29079714334991,18.450000762939453,18.450000762939453,17.0,17.299999237060547,17.299999237060547,1032000,-0.04155124829368901,-0.04155124829368906,-0.0357963270792351,-0.0024182070547410996,0.03913304123894796,-0.0012761177979121324,0.815276004238263,0.027404459089524217,-0.01053206146565985
671,2022-05-10,0.0007963323077012,0.01359,0.0981264442440073,-0.0555088117862482,17.0,18.200000762939453,16.799999237060547,18.100000381469727,18.100000381469727,630128,0.04624284275662826,0.046242842756628155,-0.0127936676922988,0.007342392897705285,-0.03890044985892287,-0.001229585113572827,0.8351217323408262,0.02627261345830733,-0.011441558771625976
672,2022-05-11,-0.003452324139924,0.01355,-0.1171533022154301,0.1849547883708659,17.799999237060547,18.5,17.5,18.049999237060547,18.049999237060547,678001,-0.002762494108031592,-0.0027624941080316434,-0.017002324139924,0.005072805857567147,0.00783529996559879,-0.0011719534804504666,0.8392560139451037,0.025962201936694365,-0.011814096035801825
673,2022-05-12,-0.0243386372510738,0.013850000000000001,0.0825266502551274,-0.4701330881657879,18.049999237060547,18.25,17.149999618530273,17.149999618530273,17.149999618530273,502120,-0.04986147681836905,-0.049861476818369055,-0.0381886372510738,0.003545433007105081,0.053406909825474136,-0.001177511473158492,0.8364908284073325,0.025897077531463628,-0.011787235292548059
674,2022-05-13,0.0138224229402156,0.0144,0.0685406122521494,0.3431399906510197,17.149999618530273,18.0,17.149999618530273,17.850000381469727,17.850000381469727,295133,0.04081637192476171,0.04081637192476162,-0.0005775770597843989,0.004269616205408518,-0.0365467557193531,-0.0011549906617791476,0.8509229621884555,0.025308102176171306,-0.012446995173830397
675,2022-05-16,0.0043265325608521,0.014150000000000001,-0.1066852870526447,0.3040689207523088,18.0,18.350000381469727,17.549999237060547,17.600000381469727,17.600000381469727,399000,-0.014005601941584699,-0.014005601941584733,-0.009823467439147901,0.005775174902705556,0.01978077684429029,-0.0011895732261601982,0.8401225511461754,0.02581693431203088,-0.0121146926875647
676,2022-05-17,0.0097509222231127,0.01365,-0.0706958950747067,0.4287732035036467,17.450000762939453,18.100000381469727,17.450000762939453,17.899999618530273,17.899999618530273,399001,0.01704541082717265,0.017045410827172702,-0.0038990777768873,0.006467298427383625,-0.010578112399789077,-0.0012014941381295577,0.8411815502729828,0.025837193314124037,-0.012173519762137819
677,2022-05-18,0.0149955879766219,0.01315,-0.0544387954369776,0.238517116326634,18.0,19.5,18.0,19.450000762939453,19.450000762939453,2414373,0.08659224454980444,0.08659224454980441,0.0018455879766219006,-0.0007442792448631255,-0.08733652379466754,-0.0012273839336136155,0.8185615662351988,0.027147263228698648,-0.010693462410508104
678,2022-05-19,-0.0169689150607458,0.01295,0.1899395064288355,-0.456003515570147,18.700000762939453,19.5,18.0,19.450000762939453,19.450000762939453,2010308,0.0,0.0,-0.029918915060745798,0.00803789312981428,0.00803789312981428,-0.0012915508739400772,0.7903878846506626,0.028935773539815066,-0.009542318763900846
679,2022-05-20,0.007773208927529,0.012549999999999999,-0.1071311981552027,0.2268616007470079,19.450000762939453,20.0,18.799999237060547,19.399999618530277,19.399999618530277,4088131,-0.00257075282508231,-0.002570752825082123,-0.004776791072470999,0.002061301474476516,0.004632054299558639,-0.0013204608488577602,0.790671963160978,0.029011194531383615,-0.009524951338056812
680,2022-05-23,0.0007160516916978,0.01165,0.1009686856880903,-0.2091568041451426,19.350000381469727,19.399999618530277,18.5,18.899999618530277,18.899999618530277,1796024,-0.02577319638307702,-0.02577319638307707,-0.0109339483083022,0.003257820316469179,0.029031016699546247,-0.001317563704139301,0.7916645021357154,0.028971258053311955,-0.009580035528386724
681,2022-05-24,-0.0119321230132873,0.011850000000000001,0.0002254124555063,-0.3858842387196146,18.799999237060547,19.299999237060547,18.049999237060547,18.200000762939453,18.200000762939453,2137732,-0.03703697723382571,-0.03703697723382593,-0.0237821230132873,0.006599278178863776,0.04363625541268971,-0.0013548954249321902,0.7941893851848426,0.02926328899007295,-0.009277564113825378
682,2022-05-25,0.0087950166507032,0.01105,0.0528363258381948,0.226100135061012,18.350000381469727,18.5,17.799999237060547,18.0,18.0,906002,-0.010989052448102828,-0.010989052448102776,-0.0022549833492968,0.002877430171726064,0.01386648261982884,-0.0012998234998211585,0.8099636697511391,0.029287195868307594,-0.00966015596923074
683,2022-05-26,-0.0083954260527877,0.01105,0.095694561570206,-0.3304445864727552,18.049999237060547,18.200000762939453,17.149999618530273,17.200000762939453,17.200000762939453,1800338,-0.04444440205891927,-0.04444440205891931,-0.0194454260527877,0.002323175058671167,0.04676757711759048,-0.0013491050562344869,0.7929494549062572,0.030171078210382334,-0.00888627098539065
684,2022-05-27,0.0186231331276347,0.01105,-0.1759397037298114,0.5346570938829193,17.600000381469727,17.75,17.200000762939453,17.299999237060547,17.299999237060547,854050,0.005813864516596927,0.005813864516596823,0.007573133127634701,-0.00041588953671746286,-0.006229754053314286,-0.0013613464734295595,0.7900812236688848,0.03024664525854734,-0.008761085588808662
685,2022-05-30,0.02117267686358,0.01135,-0.1220382645307377,0.6815103591347476,17.5,18.200000762939453,17.350000381469727,18.0,18.0,1793053,0.04046247363062836,0.04046247363062827,0.00982267686358,0.00534756419242136,-0.03511490943820691,-0.0012447945140878494,0.8195638464125781,0.02948845048226962,-0.009653326506783036
686,2022-05-31,0.0118689369105348,0.01165,-0.2189007947935257,0.4696318262085153,18.200000762939453,18.200000762939453,17.799999237060547,18.0,18.0,979278,0.0,0.0,0.00021893691053479977,0.004379763285628859,0.004379763285628859,-0.0013188715923464424,0.8019318948805298,0.030580697450118446,-0.00859888989435429
687,2022-06-01,-0.0078939497149407,0.01195,0.1606040900411302,-0.3817936678240539,18.049999237060547,18.450000762939453,17.700000762939453,17.850000381469727,17.850000381469727,1566272,-0.008333312140570747,-0.008333312140570759,-0.0198439497149407,0.004716251354456089,0.013049563495026848,-0.0012823953612451117,0.810662042008953,0.030302754278587342,-0.009023368215040016
688,2022-06-02,-0.0073474585383371,0.01225,0.1177544968398614,-0.2957069967741603,17.850000381469727,18.149999618530277,17.399999618530273,17.450000762939453,17.450000762939453,729030,-0.022408941735682943,-0.022408941735682975,-0.019597458538337102,0.005693689449449511,0.028102631185132485,-0.0013245694125879623,0.8010772657334941,0.03070868761863303,-0.008502715885503652
689,2022-06-06,0.0032255186954065,0.01225,-0.0246389833466201,0.021326364179579,17.5,17.5,16.850000381469727,17.0,17.0,1385081,-0.025788008210015142,-0.025788008210015145,-0.0090244813045935,0.002692116563413737,0.028480124773428882,-0.0012491318754701483,0.7988701466368671,0.030878117927351033,-0.008124488080829188
690,2022-06-07,-0.0056052208285522,0.01265,0.138789358273441,-0.130775501374975,17.0,17.450000762939453,16.899999618530273,17.299999237060547,17.299999237060547,489002,0.01764701394473805,0.017647013944738,-0.0182552208285522,-0.003725075836095779,-0.021372089780833776,-0.001253963539230068,0.7974450052493188,0.030937848578380407,-0.008079403476630817
691,2022-06-08,0.009545815027213,0.01265,-0.1360279796184241,0.3624220011048389,17.200000762939453,17.200000762939453,17.0,17.200000762939453,17.200000762939453,367001,-0.005780258874628977,-0.005780258874628963,-0.0031041849727869997,0.005706082337644416,0.01148634121227338,-0.0012527950493386492,0.7986260640421223,0.03091797507634924,-0.008138925558073483
692,2022-06-09,-0.0029495151957734,0.01265,0.0375659408563483,-0.0169356936509372,17.049999237060547,17.200000762939453,17.0,17.200000762939453,17.200000762939453,213000,0.0,0.0,-0.015599515195773399,-0.005633767739511456,-0.005633767739511456,-0.0012993275707867981,0.7978326015016236,0.030855164220332923,-0.008017815955446879
693,2022-06-10,-0.0096996213687082,0.01265,0.1119851640126377,-0.2622774010381214,17.0,17.950000762939453,17.0,17.850000381469727,17.850000381469727,684001,0.03779067381966729,0.037790673819667386,-0.0223496213687082,0.007807785608072333,-0.029982888211595053,-0.0013337976966229846,0.7998285451650627,0.03117602233052528,-0.007784243600618487
694,2022-06-13,-0.0236413034772374,0.01335,0.0246731827140058,-0.5119861357980768,17.399999618530273,17.450000762939453,16.950000762939453,17.049999237060547,17.049999237060547,980001,-0.04481799032562875,-0.04481799032562872,-0.036991303477237406,0.002438387899639053,0.04725637822526777,-0.0013109915343149006,0.8070621139639867,0.03071557786682909,-0.008218201502366934
695,2022-06-14,-0.0014691295038538,0.01345,1.3635053971828772,-1.132963021034415,17.049999237060547,17.149999618530273,16.5,17.149999618530273,17.149999618530273,1113091,0.005865125275335017,0.005865125275335004,-0.0149191295038538,-0.012743911681145338,-0.018609036956480342,-0.0013372599274594946,0.812733727528254,0.030579062656976602,-0.008205299090152074
696,2022-06-15,-0.0029986294848375,0.01365,0.0521758239726587,-0.1147562457425232,17.25,17.450000762939453,17.100000381469727,17.350000381469727,17.350000381469727,995595,0.011661852325836546,0.011661852325836497,-0.0166486294848375,-0.0006192835374750971,-0.012281135863311594,-0.0013372837738908712,0.8127806286103634,0.030577930145639944,-0.008209389383126223
697,2022-06-16,-0.0100404486733753,0.01355,-0.2130531173825734,-0.0862415904331155,17.549999237060547,17.549999237060547,16.649999618530273,16.700000762939453,16.700000762939453,598000,-0.037463954134807444,-0.03746395413480741,-0.0235904486733753,0.008219520946106037,0.045683475080913444,-0.0013928109657443694,0.7985259489096863,0.03131937242439363,-0.007206520421592048
698,2022-06-17,-0.0124600947657021,0.011850000000000001,0.0579833658091873,-0.301527936598286,16.149999618530273,16.799999237060547,16.100000381469727,16.600000381469727,16.600000381469727,648000,-0.005988046521030517,-0.005988046521030466,-0.024310094765702103,0.004426369879671555,0.01041441640070202,-0.0013926700454852412,0.7985853068915989,0.031318825927604085,-0.007209878495444451
699,2022-06-20,-0.0174972918806367,0.01265,-0.3115267376495046,-0.0844210070127259,16.649999618530273,16.649999618530273,15.600000381469728,16.200000762939453,16.200000762939453,652015,-0.024096362008327758,-0.024096362008327765,-0.030147291880636702,-0.00316090188658524,0.020935460121742525,-0.0013975119904692333,0.8002113419460942,0.031225894634472773,-0.007224809344326109
700,2022-06-21,0.023494887840308,0.012350000000000002,0.1561043102453213,0.4063282077881895,16.25,16.75,15.699999809265137,16.700000762939453,16.700000762939453,461442,0.03086419607731402,0.030864196077313943,0.011144887840307998,0.006351285772594271,-0.024512910304719672,-0.0013941442359112616,0.805938908343916,0.030985666581957172,-0.007371024303328859
701,2022-06-22,-0.0242163122146,0.012050000000000002,0.0113953269543717,-0.4744939000377498,16.799999237060547,16.899999618530273,16.049999237060547,16.049999237060547,16.049999237060547,304000,-0.03892224528045447,-0.038922245280454515,-0.0362663122146,0.00676244455131594,0.04568468983177046,-0.0014036162459779736,0.8102373644167347,0.03090705088440268,-0.007532346943786777
702,2022-06-23,-0.0111618686981805,0.012150000000000001,0.3076642621100297,-0.1958334544411552,16.100000381469727,16.549999237060547,16.0,16.149999618530273,16.149999618530273,162010,0.006230553658770203,0.006230553658770122,-0.0233118686981805,0.004247788519525807,-0.001982765139244315,-0.0014372900976598563,0.8014245836780614,0.03135002054010363,-0.007148740792513194
703,2022-06-24,0.0083603189694141,0.012450000000000001,0.1261695397536914,0.0543659529513408,16.600000381469727,16.600000381469727,16.149999618530273,16.149999618530273,16.149999618530273,177000,0.0,0.0,-0.004089681030585901,0.00789257457134076,0.00789257457134076,-0.001428265664971783,0.8043464750675183,0.031272423496579924,-0.007305296635553041
704,2022-06-27,0.0159893048128342,0.01232,0.0105235680946266,0.4445028111702603,16.299999237060547,16.850000381469727,16.299999237060547,16.600000381469727,16.600000381469727,326001,0.027863824988771446,0.02786382498877149,0.0036693048128341992,0.002588759568706882,-0.025275065420064607,-0.0014283125567977838,0.8043332231455386,0.03127294463696691,-0.007304726419040368
705,2022-06-28,-0.0069520051363085,0.01175,-0.0841790365529224,-0.1478413713575094,16.5,16.549999237060547,15.899999618530272,15.899999618530272,15.899999618530272,233000,-0.04216871968996164,-0.04216871968996172,-0.0187020051363085,-0.0019486383930793108,0.04022008129688241,-0.0014786398504307839,0.7875828612659196,0.03193625308490965,-0.00672810362386098
706,2022-06-29,-0.0129398364805921,0.012050000000000002,-0.0277506434551567,-0.1101802287072837,15.899999618530272,16.0,15.149999618530272,15.25,15.25,510112,-0.04088048013364396,-0.04088048013364387,-0.024989836480592102,0.0011126355745529517,0.041993115708196825,-0.001435932951476261,0.8024762502553838,0.03185524286896757,-0.006980126809715551
707,2022-06-30,-0.027191330864565,0.012050000000000002,0.0336104173042731,-0.552719705231242,15.350000381469728,16.0,15.350000381469728,16.0,16.0,588080,0.04918032786885246,0.049180327868852514,-0.039241330864565,-0.010611094016359167,-0.05979142188521168,-0.0013879424625657779,0.8165420734125075,0.02742412014701876,-0.00810518804066753
708,2022-07-01,-0.032554914689859,0.012450000000000001,0.0270826055371404,-0.8478105967092202,16.0,16.100000381469727,15.699999809265137,16.0,16.0,991000,0.0,0.0,-0.045004914689859,0.006575927453425997,0.006575927453425997,-0.0013974257759907203,0.8127930310296941,0.027556626137771482,-0.007963913550710829
709,2022-07-04,-0.0087861538195479,0.012549999999999999,0.4130572609037726,-0.2581878235849525,15.649999618530272,16.25,15.550000190734863,15.600000381469728,15.600000381469728,210100,-0.02499997615814209,-0.02499997615814198,-0.0213361538195479,0.005287386715789971,0.03028736287393195,-0.0013856380272380165,0.8206566846015916,0.027842235472939077,-0.008081424464113938
710,2022-07-05,0.0092945115933769,0.012549999999999999,0.0663181349935553,0.157171711180231,15.399999618530272,15.75,15.300000190734863,15.449999809265137,15.449999809265137,204000,-0.00961542106003832,-0.009615421060038432,-0.003255488406623099,0.0010176848562016656,0.010633105916240098,-0.0013852260832714959,0.8208461862536371,0.02783814433249244,-0.008086194114380971
711,2022-07-06,-0.0253456934698219,0.01145,0.1058304936583081,-0.408985094874764,15.350000381469728,15.399999618530272,15.0,15.100000381469728,15.100000381469728,474080,-0.02265368492661862,-0.022653684926618456,-0.0367956934698219,9.924800444199378e-05,0.02275293293106045,-0.0013817755975341203,0.8220464137304198,0.02787598049820264,-0.0081081489341836
712,2022-07-07,0.0250802274284726,0.01195,-0.2765229943883188,0.8996346419469394,15.100000381469728,15.350000381469728,14.5,15.25,15.25,359001,0.009933749320586013,0.009933749320585994,0.0131302274284726,0.008338509554565087,-0.0015952397660209065,-0.0013885564534334275,0.8195294462855405,0.02819494779305346,-0.007870493470855432
713,2022-07-08,0.0089465911552457,0.011850000000000001,-0.0797601166713019,0.310769529403323,15.399999618530272,16.0,15.399999618530272,15.850000381469728,15.850000381469728,351100,0.039344287309490265,0.03934428730949047,-0.002903408844754301,0.0016753976705945555,-0.03766888963889591,-0.0013542610656336958,0.8308107502983185,0.02811569945737053,-0.00808576897522785
714,2022-07-11,-0.0085726945608259,0.012450000000000001,0.07223913191524,-0.1802415074579934,15.850000381469728,16.450000762939453,15.75,15.949999809265137,15.949999809265137,391000,0.0063091120119037804,0.00630911201190365,-0.0210226945608259,0.003355459520656639,-0.002953652491247011,-0.0013739636601862448,0.8267867298008802,0.028344499825928647,-0.007897147497417826
715,2022-07-12,-0.0271893820392554,0.012450000000000001,-0.0158947418882411,-0.5155152213703975,15.850000381469728,15.949999809265137,15.300000190734863,15.550000190734863,15.550000190734863,258510,-0.025078346289253192,-0.025078346289253206,-0.0396393820392554,0.0023898516933101607,0.027468197982563367,-0.001371876227897517,0.8290511700437864,0.028142485128359408,-0.008040326042610638
716,2022-07-13,0.0268131141963825,0.012350000000000002,-0.3269211437281965,0.6849936491441239,15.649999618530272,16.0,15.5,15.699999809265137,15.699999809265137,186126,0.009646277600668296,0.009646277600668274,0.014463114196382498,0.004539174461308426,-0.0051071031393598474,-0.0014016384237725758,0.821531913799183,0.028608502989772314,-0.007544507254815726
717,2022-07-14,0.007947112691765,0.012350000000000002,0.0280086673291011,0.2388542490782967,15.649999618530272,15.649999618530272,15.399999618530272,15.550000190734863,15.550000190734863,142000,-0.009554115946023976,-0.009554115946023956,-0.004402887308235001,0.0025054526037031504,0.012059568549727106,-0.0014161304781166318,0.8270230152480895,0.02885124694699087,-0.00755516137481312
718,2022-07-15,0.007763994479827,0.012450000000000001,-0.3380408930118558,0.6308581586777842,15.899999618530272,15.899999618530272,15.149999618530272,15.199999809265137,15.199999809265137,275251,-0.022508062840942398,-0.022508062840942422,-0.004686005520173001,0.004220855181729865,0.026728918022672285,-0.0013422722711813018,0.8454017406464045,0.028417050727281543,-0.00822610687041711
719,2022-07-18,0.0116159675593723,0.012549999999999999,0.0536828830328146,0.1435198527309523,15.25,15.5,15.25,15.25,15.25,131001,0.0032894862738344077,0.0032894862738344077,-0.0009340324406276988,0.001123647105803459,-0.0021658391680309487,-0.0014370900537684819,0.8144765441959181,0.028616052747380945,-0.007710196375088665
720,2022-07-19,-0.001736426361172,0.012549999999999999,0.1404590723473947,-0.2064792989772673,15.25,15.75,15.25,15.399999618530272,15.399999618530272,80001,0.009836040559362193,0.009836040559362047,-0.014286426361171998,-0.0073202269979359795,-0.017156267557298027,-0.001424064183508208,0.8118816945378903,0.028317549674944792,-0.007946616848402293
721,2022-07-20,0.0026636338055464,0.012450000000000001,-0.035980874250177,0.1990616174810879,15.5,15.649999618530272,15.199999809265137,15.199999809265137,15.199999809265137,258004,-0.012987000923330156,-0.01298700092333005,-0.0097863661944536,-0.002485970258511031,0.010501030664819019,-0.0012974078396263539,0.8377116604631752,0.026570548341733224,-0.0092116603049469
722,2022-07-21,0.0138788718654173,0.012549999999999999,-0.0434561104993353,0.2786998849347993,15.449999809265137,15.449999809265137,15.100000381469728,15.149999618530272,15.149999618530272,222001,-0.0032894862738344077,-0.0032894862738345187,0.0013288718654173009,0.0025593203657793754,0.005848806639613895,-0.001286629691239113,0.8426386659478448,0.026238533753704933,-0.009513121745098848
723,2022-07-22,0.0007805857727455,0.01225,0.0002556486931163,-0.039915584862701,15.149999618530272,15.300000190734863,14.899999618530272,14.899999618530272,14.899999618530272,518333,-0.016501650580520142,-0.01650165058052011,-0.0114694142272545,-0.001399233823383349,0.015102416757136762,-0.0012596569657869641,0.8487506120900914,0.026056507614071613,-0.009718300214118306
724,2022-07-25,-0.0008716274898101,0.012150000000000001,0.0598834850122611,-0.1004028739066181,15.0,15.0,14.25,14.449999809265137,14.449999809265137,591062,-0.03020133025409597,-0.03020133025409588,-0.013021627489810101,-0.002936044546133186,0.027265285707962696,-0.0012669075514015174,0.8469770320302852,0.026116511183958524,-0.009591960292859109
725,2022-07-26,-0.0086734695879031,0.01195,0.0127158785088188,-0.1773145718907045,14.5,14.850000381469728,14.0,14.0,14.0,456006,-0.031141855723527633,-0.03114185572352768,-0.0206234695879031,-0.0004739558394170622,0.030667899884110617,-0.0012995187882148232,0.8354073759405967,0.026537540293072582,-0.008936327550425333
726,2022-07-27,0.0077538511541541,0.011850000000000001,-0.0001219108284222,0.2664350731183441,14.149999618530272,14.800000190734863,13.75,14.699999809265137,14.699999809265137,634144,0.0499999863760812,0.04999998637608116,-0.004096148845845901,-0.0031841583566098925,-0.053184144732691056,-0.0013117318323599527,0.8316542614630882,0.026668536272016,-0.00879886587113039
727,2022-07-28,-0.0019896977088829,0.01145,-0.1226177735849414,-0.0352868161048622,14.800000190734863,14.850000381469728,14.100000381469728,14.149999618530272,14.149999618530272,317134,-0.0374149794470207,-0.03741497944702077,-0.0134396977088829,-0.00043356139028157383,0.03698141805673919,-0.0013012772548598233,0.835010153317832,0.02667040256163597,-0.00885253956579772
728,2022-07-29,0.0072636748190376,0.01115,-0.0965799966769469,0.2204654063555118,14.399999618530272,14.399999618530272,14.199999809265137,14.399999618530272,14.399999618530272,122001,0.017667844999275477,0.01766784499927554,-0.0038863251809624,0.002490621597938948,-0.01517722340133659,-0.0012990943601145072,0.8351335632205096,0.02665351282394367,-0.0088499131367914
729,2022-08-01,-0.0012253197771468,0.01135,0.0645538818104742,-0.1667065799356434,14.5,14.75,14.350000381469728,14.5,14.5,202001,0.006944471119363338,0.00694447111936336,-0.0125753197771468,-0.0063052211475024935,-0.013249692266865853,-0.001276172317598839,0.8413823960944244,0.02631926545178866,-0.009205895360358393
730,2022-08-02,-0.0156497667628278,0.011550000000000001,0.0657451211493513,-0.373340809908619,14.5,14.5,14.0,14.399999618530272,14.399999618530272,209145,-0.006896578032394935,-0.006896578032395073,-0.0271997667628278,-8.384492039985791e-05,0.006812733111995215,-0.0012356959484838123,0.8504190088944459,0.026194955332348203,-0.009663417254082962
731,2022-08-03,0.002019976738217,0.01175,-0.3019039450755829,0.1914544961171989,14.0,14.199999809265137,14.0,14.0,14.0,212090,-0.027777752022683674,-0.02777775202268351,-0.009730023261783,0.0069431186379560654,0.03472087066063958,-0.0012384451135433036,0.8512246443236489,0.02611269533285908,-0.009727885586357638
732,2022-08-04,-0.0050632223757486,0.011550000000000001,-0.0613497796990632,-0.132472076509224,14.0,14.199999809265137,13.800000190734863,14.050000190734863,14.050000190734863,281000,0.0035714421953473774,0.0035714421953474407,-0.016613222375748603,-0.003178591251022277,-0.006750033446369718,-0.0012376115507552437,0.8504104290498993,0.0261678596576779,-0.009699614885644057
733,2022-08-05,0.022706794854857,0.011550000000000001,-0.07237131881305,0.6592455621321228,14.399999618530272,14.5,13.800000190734863,14.050000190734863,14.050000190734863,195062,0.0,0.0,0.011156794854856999,0.0041793319770875755,0.0041793319770875755,-0.0012143824685346043,0.8563600453167446,0.025946244608465903,-0.009994083617085318
734,2022-08-08,-0.0010394946257056,0.012150000000000001,0.1258717345681533,-0.0749781944130644,13.949999809265137,14.0,13.75,14.0,14.0,142000,-0.003558732388333733,-0.0035587323883337074,-0.013189494625705601,-0.013620819518592068,-0.01006208713025836,-0.0012180301006221226,0.8577925594453134,0.025861335927999857,-0.010109268062536508
735,2022-08-09,0.0019886352554141,0.01175,0.1421380656074528,-0.1086764954183604,14.199999809265137,14.300000190734863,13.949999809265137,14.050000190734863,14.050000190734863,256401,0.0035714421953473774,0.0035714421953474407,-0.0097613647445859,-0.004515133584353818,-0.008086575779701259,-0.0012231743864168042,0.8604146227405549,0.025803838394241385,-0.010197110308844083
736,2022-08-10,-0.0073926026735771,0.01175,0.1372111151828094,-0.3830464588442521,13.850000381469728,14.149999618530272,13.850000381469728,14.149999618530272,14.149999618530272,2109101,0.007117396899492842,0.007117396899492645,-0.0191426026735771,-0.010205147620286029,-0.017322544519778674,-0.0012236949365237453,0.8664298673092484,0.025547714479978237,-0.010418886040494697
737,2022-08-11,0.0173257741301943,0.011850000000000001,-0.1620885303632293,0.4354634358538767,14.449999809265137,15.550000190734863,14.399999618530272,15.550000190734863,15.550000190734863,1263032,0.09893997243443067,0.09893997243443087,0.005475774130194297,0.005144729913198581,-0.09379524252123228,-0.0012070462582653768,0.874234038033533,0.025396916621495964,-0.010647993453549134
738,2022-08-12,0.005995592766709,0.01163,0.0391342099473907,0.1858116779510405,15.399999618530272,15.449999809265137,15.0,15.149999618530272,15.149999618530272,903000,-0.02572350915101092,-0.02572350915101107,-0.0056344072332909995,0.019285341086548936,0.04500885023756,-0.0012716300395305563,0.8565605930508575,0.026282996376167718,-0.009641635629380994
739,2022-08-15,0.0083968956122306,0.0117,-0.0589085463414698,0.4308286511840708,15.600000381469728,15.699999809265137,15.149999618530272,15.350000381469728,15.350000381469728,813385,0.013201370823457192,0.013201370823457514,-0.003303104387769401,0.013626659787557536,0.0004252889641000214,-0.001301316637185971,0.8585484195508313,0.026606044742702596,-0.009577614991874803
740,2022-08-16,0.0002089012188607,0.01169,-0.0078461436040619,0.0490549747725619,15.5,15.5,15.0,15.100000381469728,15.100000381469728,304000,-0.016286644546393364,-0.016286644546393392,-0.011481098781139301,0.008989721596116903,0.025276366142510297,-0.0012992625424250069,0.8560610459461397,0.02664482258840679,-0.009441756997802656
741,2022-08-17,0.0029103905953543,0.011850000000000001,-0.0281772258916198,-0.0421477164026149,15.050000190734863,15.300000190734863,15.0,15.0,15.0,357003,-0.0066225416518826095,-0.006622541651882696,-0.008939609404645702,0.00011375028679406259,0.006736291938676759,-0.001295386016648521,0.8558382433913185,0.026653614412146164,-0.009442956790237452
742,2022-08-18,-0.0044415409069901,0.011850000000000001,0.1494030338234531,-0.1284463820191118,14.850000381469728,15.100000381469728,14.850000381469728,15.050000190734863,15.050000190734863,305001,0.0033333460489908856,0.003333346048990826,-0.0162915409069901,-0.0009430552402735861,-0.004276401289264412,-0.0012958573008174813,0.8555899669308926,0.02665771665608213,-0.009438194939469288
743,2022-08-19,0.0007807167219259,0.011850000000000001,0.0867959007168846,-0.0606094750512286,15.149999618530272,15.25,15.050000190734863,15.25,15.25,334001,0.013289023703020372,0.01328902370302032,-0.011069283278074101,-0.007770290065472293,-0.021059313768492613,-0.0013138353772782865,0.8567586635129713,0.02702877403668002,-0.00940457957288741
744,2022-08-22,-0.0106199596656,0.012050000000000002,0.1064967198358958,-0.2434885258741676,15.300000190734863,15.449999809265137,15.149999618530272,15.449999809265137,15.449999809265137,252000,0.013114741591156507,0.013114741591156553,-0.022669959665600002,0.001786698924292333,-0.01132804266686422,-0.001308939751314625,0.8559389630768368,0.026983591340541915,-0.00940910174794623
745,2022-08-23,-0.0097900054339808,0.012150000000000001,0.0308378748405381,-0.2635867664495404,15.399999618530272,16.950000762939453,15.300000190734863,16.950000762939453,16.950000762939453,2452253,0.09708744156584313,0.09708744156584315,-0.0219400054339808,0.00816675221216399,-0.08892068935367915,-0.0012934715619780034,0.8599895752858502,0.026723580256260274,-0.009723015429285409
746,2022-08-24,-0.0017686416217783,0.012050000000000002,0.0149275950188597,-0.017727905240603,16.950000762939453,16.950000762939453,16.200000762939453,16.5,16.5,1399000,-0.02654871638255988,-0.026548716382559845,-0.013818641621778302,0.004626167916263972,0.031174884298823816,-0.001286600904908196,0.8623205941871825,0.02658959318925857,-0.009831439407965752
747,2022-08-25,0.0086832540862457,0.01195,0.0280431279352548,0.2398781589189906,16.5,16.600000381469727,16.299999237060547,16.399999618530273,16.399999618530273,402000,-0.006060629179983428,-0.006060629179983401,-0.003266745913754301,0.00669141969121511,0.012752048871198511,-0.0012872687039595233,0.8628008602387194,0.026546233863868722,-0.00985487466431164
748,2022-08-26,0.0051579068491608,0.01195,-0.0149082110698087,0.1097386339633936,16.700000762939453,16.899999618530273,16.399999618530273,16.450000762939453,16.450000762939453,468250,0.0030488503397697437,0.0030488503397696487,-0.0067920931508392,0.0042939983935729635,0.0012451480538033148,-0.0012814082236467651,0.8625853411260745,0.026557145586412624,-0.009875849646026683
749,2022-08-29,-0.0230553636427147,0.012350000000000002,0.031305639531607,-0.4744658015884252,16.100000381469727,16.299999237060547,15.800000190734863,16.200000762939453,16.200000762939453,553001,-0.01519756768420523,-0.015197567684205215,-0.0354053636427147,-0.01161172100595917,0.0035858466782460446,-0.0012175793522856625,0.8573330680724964,0.02649475983984415,-0.00920957442633761
750,2022-08-30,0.0018383426939551,0.012150000000000001,0.1638245034157172,-0.0298952920269376,16.200000762939453,16.600000381469727,16.0,16.200000762939453,16.200000762939453,368001,0.0,0.0,-0.010311657306044901,0.00760498650591198,0.00760498650591198,-0.0011802059842541367,0.8681514945478384,0.025905030019384392,-0.009813863018609922
751,2022-08-31,0.0094833527368492,0.012350000000000002,-0.079975563160428,0.2637419263852504,16.200000762939453,17.0,16.100000381469727,16.700000762939453,16.700000762939453,501080,0.03086419607731402,0.030864196077313943,-0.0028666472631508014,-0.013066580199505613,-0.04393077627681956,-0.001209029064856207,0.8619340740631414,0.026177851383960046,-0.009464904609791745
752,2022-09-01,-0.0194482618438631,0.012549999999999999,0.0759727062326676,-0.5504326196167594,16.600000381469727,16.75,16.299999237060547,16.600000381469727,16.600000381469727,601000,-0.005988046521030517,-0.005988046521030466,-0.0319982618438631,0.0049180411245112274,0.010906087645541693,-0.0011979804560554258,0.8665208925681033,0.02602458679203875,-0.00966717373358407
753,2022-09-02,-0.0087029812091425,0.01325,0.0832779527246962,-0.1591319680366154,16.799999237060547,16.799999237060547,16.299999237060547,16.299999237060547,16.299999237060547,528100,-0.018072357681633875,-0.018072357681633844,-0.0219529812091425,0.016002584207139715,0.03407494188877356,-0.0012095929135219903,0.8664282387447183,0.026064990689648543,-0.00964352437131123
754,2022-09-05,-0.0008137665852278,0.01295,-0.1331942436232691,-0.029796712703449,16.350000381469727,16.399999618530273,16.0,16.0,16.0,344077,-0.018404862030818543,-0.01840486203081859,-0.0137637665852278,0.0028189771603808365,0.02122383919119943,-0.0012118492024895747,0.8657867452021794,0.02610022903253171,-0.009615063504640512
755,2022-09-06,0.0010981840630292,0.013049999999999999,-0.1232120275064121,0.0621105830358515,16.149999618530273,16.200000762939453,15.600000381469728,15.699999809265137,15.699999809265137,402075,-0.018750011920928955,-0.018750011920928955,-0.011951815936970799,0.0054981812441331785,0.024248193165062132,-0.001213469755746102,0.863895074153305,0.026209069157215752,-0.009529925577197146
756,2022-09-07,-0.0182017269690387,0.01315,0.2636109714050919,-0.4579261002036239,15.699999809265137,15.899999618530272,15.449999809265137,15.75,15.75,234000,0.0031847255632039156,0.0031847255632038163,-0.0313517269690387,-0.004489571251870101,-0.007674296815073917,-0.0012345652500638095,0.8575153936587975,0.02645090457462417,-0.009307049458311248
757,2022-09-08,0.0120311948631228,0.01285,0.1645396355955187,0.2262863695580194,16.100000381469727,16.399999618530273,15.75,16.299999237060547,16.299999237060547,355024,0.034920586480034724,0.03492058648003482,-0.0008188051368772011,-0.020317594032416696,-0.05523818051245152,-0.001246064278873202,0.8359387507561942,0.026665438664270378,-0.00893091503447796
758,2022-09-12,0.0153605784394226,0.013049999999999999,-0.1043675252449856,0.4071536412312859,16.299999237060547,16.700000762939453,16.299999237060547,16.549999237060547,16.549999237060547,582315,0.01533742403076846,0.015337424030768432,0.0023105784394226014,-0.0124980070103894,-0.02783543104115783,-0.0012272003659020583,0.8435286292433188,0.026409257626696818,-0.009243562216909815
759,2022-09-13,0.0058741098614451,0.013049999999999999,-0.095173857752797,0.1937415386036456,16.700000762939453,16.899999618530273,16.5,16.799999237060547,16.799999237060547,631001,0.015105740877629347,0.015105740877629392,-0.007175890138554899,0.009933459123419986,-0.005172281754209406,-0.0012135544843809396,0.847594885138869,0.026175310246276465,-0.00948576897178782
760,2022-09-14,-0.0158516237609065,0.01335,0.2059299231663285,-0.4118824216009067,16.700000762939453,17.399999618530273,16.299999237060547,17.200000762939453,17.200000762939453,951502,0.02380961571691675,0.023809615716916754,-0.0292016237609065,0.014227292287927015,-0.00958232342898974,-0.0012135148217446788,0.84768602388409,0.02617179546975439,-0.009490418299402439
761,2022-09-15,0.0008002606776539,0.01345,0.1086114462909724,-0.153206767156486,17.049999237060547,17.700000762939453,17.049999237060547,17.25,17.25,877000,0.0029069322582984634,0.0029069322582984114,-0.0126497393223461,0.0003471876626330692,-0.0025597445956653422,-0.0012115962744654158,0.8483227450345396,0.02616750295598904,-0.009501489398868917
762,2022-09-16,-0.0073810482554361,0.01375,0.0534739269817067,-0.2131326499505882,17.200000762939453,17.350000381469727,16.950000762939453,17.049999237060547,17.049999237060547,654000,-0.011594247126924818,-0.011594247126924806,-0.0211310482554361,0.005842579345754389,0.017436826472679197,-0.0012045474155946909,0.850496007966568,0.026014481430612912,-0.009615619139141884
763,2022-09-19,-0.0093450297433305,0.01395,-0.0998551080512589,-0.0956461290933006,17.299999237060547,17.299999237060547,16.549999237060547,16.600000381469727,16.600000381469727,996130,-0.026392895937067562,-0.026392895937067506,-0.023295029743330503,-0.009624598979204334,0.016768296957863173,-0.0012108981653081222,0.8451236059558574,0.026183138895402497,-0.009301553270876416
764,2022-09-20,0.0085694483632974,0.01395,-0.1255985745663651,0.316607246630249,16.700000762939453,16.850000381469727,16.200000762939453,16.25,16.25,647071,-0.02108435984498082,-0.021084359844980805,-0.005380551636702601,0.0008280908064230643,0.02191245065140387,-0.0012103796783811704,0.844663289119612,0.026176085927145216,-0.009308646317726993
765,2022-09-21,-0.0085763765344431,0.01395,0.0296695809458941,-0.1861067567360764,16.299999237060547,16.450000762939453,15.899999618530272,16.299999237060547,16.299999237060547,423002,0.0030768761268028847,0.003076876126802963,-0.0225263765344431,0.014237394637513275,0.011160518510710312,-0.0011828065439221584,0.8515859163745203,0.025914151706341457,-0.009579404324660517
766,2022-09-22,-0.0096980456183955,0.01395,0.0518111280797481,-0.1870959740207468,16.350000381469727,16.649999618530273,16.200000762939453,16.600000381469727,16.600000381469727,346001,0.018404979046077567,0.01840497904607763,-0.0236480456183955,0.0030397206340359115,-0.015365258412041718,-0.001195754848639382,0.8525028617179073,0.026070519597319652,-0.009549816994236286
767,2022-09-23,-0.0116383834487748,0.01402,0.0673997200542683,-0.4529970860703721,16.600000381469727,16.600000381469727,16.0,16.100000381469727,16.100000381469727,531024,-0.03012048123553905,-0.03012048123553901,-0.025658383448774802,0.0037286362153990727,0.033849117450938083,-0.0011982885587167645,0.8551311203018211,0.02613296958013791,-0.009624718659155087
768,2022-09-26,-0.0240955021715445,0.014750000000000001,-0.2341683974078307,-0.305069707707972,16.100000381469727,16.100000381469727,15.800000190734863,16.100000381469727,16.100000381469727,487006,0.0,0.0,-0.0388455021715445,0.004177417374940617,0.004177417374940617,-0.0012147220516804675,0.8514169402402131,0.02631732564387405,-0.009488516907880017
769,2022-09-27,0.0035127554891544,0.01665,0.150131923642684,0.1166849970624721,16.100000381469727,16.149999618530273,15.800000190734863,16.149999618530273,16.149999618530273,226001,0.003105542600986111,0.0031055426009860554,-0.013137244510845601,0.007138256231155921,0.004032713630169865,-0.0012478512189429472,0.8433104336894571,0.026986757870066484,-0.008954343049380944
770,2022-09-28,-0.0260743636228541,0.01675,-0.156746056191282,-0.4817108046640203,16.450000762939453,16.450000762939453,15.699999809265137,15.850000381469728,15.850000381469728,525000,-0.018575804591124085,-0.018575804591123957,-0.042824363622854106,-0.00142683550808322,0.017148969083040737,-0.0012503890377318617,0.8416832462201123,0.02705091560602227,-0.008840058449485004
771,2022-09-29,0.0050637974956734,0.016550000000000002,0.199619962435636,-0.0754854941712704,15.949999809265137,16.200000762939453,15.899999618530272,16.0,16.0,280001,0.00946369810221824,0.009463698102218032,-0.011486202504326602,-0.00732426468685438,-0.01678796278907241,-0.0012556552795323572,0.8385922669941541,0.027106830520145828,-0.008690836473618912
772,2022-09-30,-0.0081038556521997,0.01695,0.2772169173671336,-0.3877140348440222,16.0,16.25,15.850000381469728,16.200000762939453,16.200000762939453,292128,0.01250004768371582,0.01250004768371582,-0.0250538556521997,0.0031591428663846374,-0.009340904817331182,-0.00130563510910645,0.8261447025359265,0.027666000280249747,-0.008263747796075064
773,2022-10-03,-0.0092442079121131,0.01695,0.0724919110576008,-0.2622159542667596,16.200000762939453,17.200000762939453,16.200000762939453,16.899999618530273,16.899999618530273,886051,0.043209803865701,0.043209803865700946,-0.026194207912113097,0.0023414294847375105,-0.04086837438096343,-0.0013066659257761828,0.8265120825501642,0.027641043290828216,-0.008276617492989555
774,2022-10-04,0.0207540669789008,0.01675,-0.0873926626570629,0.6061139752192672,17.200000762939453,17.25,16.600000381469727,16.649999618530273,16.649999618530273,616001,-0.014792899742191919,-0.01479289974219189,0.004004066978900798,0.006041937224405096,0.020834836966596985,-0.001300256985503114,0.8292532834237445,0.027567928405163027,-0.008358820527743548
775,2022-10-05,0.0165661129667518,0.01665,-0.4173233849207086,0.5164609368609017,16.850000381469727,16.850000381469727,16.399999618530273,16.649999618530273,16.649999618530273,336000,0.0,0.0,-8.388703324820057e-05,0.001043246331588382,0.001043246331588382,-0.0012797989606910158,0.8356660652093403,0.027553111662882615,-0.008545320047232283
776,2022-10-06,0.0065659949178725,0.01675,-0.0313279536834967,0.2288665277567891,16.950000762939453,16.950000762939453,16.549999237060547,16.700000762939453,16.700000762939453,149010,0.003003071805090731,0.003003071805090629,-0.010184005082127502,0.004056761508306731,0.0010536897032161017,-0.0012556255682902868,0.8430229721973789,0.027371656407290293,-0.008932070906756575
777,2022-10-07,-0.0136602973584191,0.017050000000000003,0.218356035596332,-0.5383700602757735,16.399999618530273,16.700000762939453,16.399999618530273,16.399999618530273,16.399999618530273,190000,-0.01796413956309155,-0.017964139563091508,-0.030710297358419104,0.005138401115308682,0.023102540678400188,-0.0012631609006502633,0.8406500771373014,0.02742984381000322,-0.008855129547029245
778,2022-10-11,-0.0435146550867053,0.01735,0.4102373823719076,-1.4166233737738805,16.350000381469727,16.450000762939453,15.800000190734863,15.949999809265137,15.949999809265137,480002,-0.027439013398310345,-0.02743901339831034,-0.0608646550867053,-0.012323089009034784,0.015115924389275557,-0.0012983744617346559,0.8313758840002226,0.027710315726642717,-0.008525615717943158
779,2022-10-12,-0.0018914986876493,0.01765,0.1382276883044255,-0.0503023146522234,15.899999618530272,16.0,15.800000190734863,15.949999809265137,15.949999809265137,313001,0.0,0.0,-0.0195414986876493,0.010903843126939552,0.010903843126939552,-0.0013209986691963154,0.8332093752591962,0.02783197761159041,-0.008378830956861543
780,2022-10-13,-0.0206792139566516,0.01765,-0.30704611865219,-0.2831346990118901,16.149999618530273,16.149999618530273,15.100000381469728,15.199999809265137,15.199999809265137,652558,-0.04702194413597016,-0.04702194413597016,-0.0383292139566516,-0.0071288819584713935,0.039893062177498766,-0.0013545673819095284,0.8234046351303533,0.02754442522831571,-0.008245416374186444
781,2022-10-14,0.0247752967101858,0.01755,-0.1989711748263648,0.7435393007112706,15.899999618530272,15.949999809265137,15.5,15.800000190734863,15.800000190734863,354367,0.039473709802548634,0.03947370980254861,0.007225296710185802,-0.0013835835700504286,-0.04085729337259904,-0.0013399753484850897,0.8262530608627141,0.027384795118793978,-0.008394362307601653
782,2022-10-17,-0.012345279526184,0.01775,0.2360030171820071,-0.4587775788114149,15.600000381469728,16.0,15.399999618530272,16.0,16.0,243293,0.01265821562346669,0.012658215623466695,-0.030095279526183998,0.009307157481202961,-0.0033510581422637343,-0.0013418557610015208,0.8256272580630342,0.027364956047600305,-0.008390735375048882
783,2022-10-18,0.0122342490736964,0.01775,-0.1871503679878832,0.4061015831999994,16.200000762939453,16.200000762939453,15.800000190734863,16.0,16.0,174001,0.0,0.0,-0.005515750926303598,-0.0007118064557060365,-0.0007118064557060365,-0.00133939025305196,0.8263567778274521,0.027309245002177324,-0.00842917269909614
784,2022-10-19,-0.0112703643362724,0.01825,0.2629967982489471,-0.43786325832433,16.0,16.0,15.75,16.0,16.0,218000,0.0,0.0,-0.0295203643362724,-0.0033446446058430666,-0.0033446446058430666,-0.0013503661020410212,0.8236114846879441,0.027479564416566203,-0.008321394328514375
785,2022-10-20,-0.0023626973762138,0.01825,-0.1749924034445973,-0.0456911809502763,15.800000190734863,15.899999618530272,15.550000190734863,15.899999618530272,15.899999618530272,212000,-0.00625002384185791,-0.006250023841858021,-0.0206126973762138,-0.004828977039805112,0.001421046802052909,-0.0014169219685938215,0.8058606077451961,0.028010879049201673,-0.007735057284090657
786,2022-10-21,-0.0098021348430383,0.01915,0.0043383822285859,-0.3996690509232851,15.899999618530272,15.899999618530272,15.550000190734863,15.800000190734863,15.800000190734863,114000,-0.006289272339281582,-0.006289272339281449,-0.0289521348430383,0.006435463216378476,0.012724735555659925,-0.0013586743439993765,0.8180664694871447,0.027412011990173124,-0.008521845040838295
787,2022-10-24,0.0029471630727254,0.01925,0.1056261610747359,0.0301386479333857,15.800000190734863,15.899999618530272,15.649999618530272,15.899999618530272,15.899999618530272,165003,0.0063290776321667346,0.006329077632166724,-0.0163028369272746,0.006528600288939688,0.00019952265677296386,-0.0013582370586137777,0.8180264402135926,0.027400635557466253,-0.008520121141581209
788,2022-10-25,-0.0148448815043627,0.019,0.260555047888338,-0.7344308305843655,15.949999809265137,15.949999809265137,15.449999809265137,15.550000190734863,15.550000190734863,246115,-0.022012543156762827,-0.02201254315676271,-0.0338448815043627,0.0043761078026848445,0.026388650959447556,-0.0013557000020574448,0.8185931766775578,0.02737858685324471,-0.008548958087596564
789,2022-10-26,0.0049683476011416,0.018600000000000002,-0.1216761636222022,0.1622774207458444,15.5,15.800000190734863,15.5,15.550000190734863,15.550000190734863,30000,0.0,0.0,-0.013631652398858402,0.0012839978776093286,0.0012839978776093286,-0.0013406130860946419,0.8242084408134539,0.027129365475736897,-0.008674680813227195
790,2022-10-27,0.0155015743930341,0.018240000000000003,0.0039016249910923,0.5779434380761406,15.850000381469728,15.850000381469728,15.550000190734863,15.600000381469728,15.600000381469728,62747,0.0032154463100685254,0.003215446310068648,-0.002738425606965902,-0.018390300871496644,-0.021605747181565292,-0.0013373440739829013,0.8281533966220287,0.02705090957257087,-0.008529648634287552
791,2022-10-28,-0.0106719979438833,0.01773,0.0225542130557975,-0.2595755145123274,15.600000381469728,15.699999809265137,15.449999809265137,15.449999809265137,15.449999809265137,126000,-0.00961542106003832,-0.009615421060038432,-0.0284019979438833,0.00304577018636016,0.012661191246398591,-0.001325657709542156,0.830533975222647,0.026933574682249054,-0.008641131339791415
792,2022-10-31,0.0126153253576729,0.01755,-0.1451919175072493,0.5835723742231335,15.5,15.550000190734863,15.399999618530272,15.5,15.5,88388,0.0032362583399437265,0.003236258339943676,-0.0049346746423270995,-0.003969536649122871,-0.007205794989066547,-0.0013037410132963243,0.8389543413857474,0.027449246102865497,-0.008662478078582354
793,2022-11-01,0.0067537953194077,0.01755,0.0979977832883143,0.169434703398838,15.300000190734863,15.75,15.300000190734863,15.75,15.75,162000,0.016129032258064516,0.016129032258064502,-0.0107962046805923,0.004120179235120892,-0.012008853022943609,-0.0013590872125616824,0.826836776192494,0.0279099439248697,-0.007858116224981072
794,2022-11-02,0.0048292511301223,0.01755,0.0003905985239068,0.1791376182668218,15.899999618530272,15.949999809265137,15.550000190734863,15.800000190734863,15.800000190734863,108000,0.003174615284753224,0.0031746152847531572,-0.0127207488698777,0.008023804223685862,0.004849188938932705,-0.001377025973187007,0.822382715677739,0.028130594567806602,-0.007707020992256421
795,2022-11-03,-0.0086693770521523,0.01785,0.2719896602027397,-0.3225796403087823,15.399999618530272,15.75,15.399999618530272,15.600000381469728,15.600000381469728,93783,-0.01265821562346669,-0.012658215623466584,-0.0265193770521523,0.004281992362351687,0.016940207985818273,-0.001372175614413099,0.8236227903770782,0.028107192471881603,-0.007771684691577838
796,2022-11-04,0.0030885953805447,0.01794,0.1829851303090732,-0.0458571823737369,15.600000381469728,15.649999618530272,15.449999809265137,15.5,15.5,73000,-0.006410280706692213,-0.006410280706692362,-0.014851404619455302,0.0041076218959181,0.01051790260261046,-0.0013656623639080646,0.8251183160467517,0.02802681766791037,-0.00782727763339393
797,2022-11-07,0.0151243490031861,0.01805,-0.102012697445578,0.356512050807161,15.850000381469728,15.850000381469728,15.550000190734863,15.649999618530272,15.649999618530272,88011,0.00967739474388861,0.009677394743888401,-0.0029256509968139006,0.004306536201375297,-0.005370858542513104,-0.0013652746237604971,0.825453710242096,0.028039440382483058,-0.0078331884950974
798,2022-11-08,0.0093792971028941,0.01814,-0.1481140321660362,0.3384896817546509,16.25,16.299999237060547,15.75,15.899999618530272,15.899999618530272,307006,0.01597444128394669,0.01597444128394665,-0.0087607028971059,-0.006738086559231678,-0.02271252784317833,-0.0013653980804108267,0.8260523546379294,0.028052891035126405,-0.007831255800889817
799,2022-11-09,0.0218051425705946,0.01794,-0.2724853263073886,0.7877211458442507,16.0,16.049999237060547,15.800000190734863,15.899999618530272,15.899999618530272,121000,0.0,0.0,0.003865142570594598,-0.017561129735351323,-0.017561129735351323,-0.0013634031473328495,0.8264640798642413,0.02803246658666083,-0.0078513538693039
800,2022-11-10,-0.0099018762591613,0.01775,0.1661559473161385,-0.3285195666816232,15.899999618530272,15.949999809265137,15.649999618530272,15.949999809265137,15.949999809265137,121000,0.003144666159399888,0.0031446661593999004,-0.0276518762591613,0.006062436603621448,0.0029177704442215477,-0.00137049107785963,0.8297637900837819,0.02787689556880075,-0.007782498181831569
801,2022-11-11,0.0373081136980803,0.016550000000000002,-0.6727240967942343,1.4377337956044134,16.299999237060547,16.299999237060547,15.850000381469728,16.049999237060547,16.049999237060547,340000,0.0062695566765663445,0.006269556676566257,0.020758113698080297,-0.0054222456613582885,-0.011691802337924545,-0.0013688933304312873,0.8301976194050884,0.027869997042645797,-0.00780124313440192
802,2022-11-14,0.011946465012161,0.01695,0.1046066702575882,0.1571605023054366,16.5,16.899999618530273,16.299999237060547,16.549999237060547,16.549999237060547,639389,0.03115264945592432,0.03115264945592422,-0.005003534987839,-0.012012227130755098,-0.04316487658667932,-0.001340008943928579,0.8352690858900664,0.027608577123430605,-0.008097096729816936
803,2022-11-15,0.0262018899217904,0.01685,-0.6927416350878536,1.2247231819170077,16.299999237060547,16.600000381469727,16.200000762939453,16.5,16.5,485000,-0.0030211020764631326,-0.0030211020764631114,0.0093518899217904,0.013091445816393968,0.016112547892857078,-0.0013326430352555744,0.837177209680195,0.027570406355968156,-0.008155091550109508
804,2022-11-16,-0.0006159611064366,0.01675,-0.1305426369444939,0.2243172769708071,16.5,16.5,16.200000762939453,16.200000762939453,16.200000762939453,257492,-0.018181771943063446,-0.018181771943063474,-0.017365961106436602,0.0005696788720835344,0.01875145081514701,-0.0013323450703169586,0.837232278473365,0.02756839422805657,-0.008158126953292473
805,2022-11-17,-0.0001457721443001,0.01595,0.077434918056275,-0.0136064121268618,16.299999237060547,16.5,16.149999618530273,16.5,16.5,193706,0.01851847055136266,0.018518470551362576,-0.016095772144300097,0.004863065323753512,-0.013655405227609064,-0.001350804246436904,0.8335128410186099,0.027773903648070968,-0.007958199926181752
806,2022-11-18,-0.0020804784925849,0.016050000000000002,-0.1042633381947632,0.0999257778813616,16.700000762939453,16.700000762939453,16.25,16.25,16.25,156120,-0.015151515151515152,-0.015151515151515138,-0.018130478492584902,0.011189007199900425,0.02634052235141556,-0.0013486433604513353,0.8339703992811327,0.027755161901903157,-0.007980995376521043
807,2022-11-21,-0.0038332039552659,0.01595,0.0345696935788443,-0.1264482961578794,16.25,16.399999618530273,16.25,16.399999618530273,16.399999618530273,143000,0.009230745755709134,0.009230745755709036,-0.0197832039552659,-0.0033866292800644876,-0.012617375035773523,-0.0013080567871069572,0.8423506542999174,0.027267510540102045,-0.008337374785589385
808,2022-11-22,0.0064231465226654,0.01575,-0.1843593162387332,0.2243332647564254,16.450000762939453,16.549999237060547,16.399999618530273,16.549999237060547,16.549999237060547,370200,0.009146318415812014,0.009146318415812038,-0.0093268534773346,0.0037286468052879513,-0.005417671610524087,-0.0012799177336875937,0.8486308717850007,0.026869275104596385,-0.00865549942281692
809,2022-11-23,0.0045618849183071,0.01525,0.0549017469146975,-0.0013097288401231,16.600000381469727,16.600000381469727,16.399999618530273,16.549999237060547,16.549999237060547,243007,0.0,0.0,-0.0106881150816929,0.006906729852115041,0.006906729852115041,-0.0012809260245824241,0.8483111208919218,0.0268797658370606,-0.008636752789172688
810,2022-11-24,0.0120107800278692,0.0149,0.0688260986440671,0.3089413371680532,16.549999237060547,17.399999618530273,16.5,17.049999237060547,17.049999237060547,884866,0.030211481755258694,0.030211481755258784,-0.0028892199721307996,-0.004952386559981175,-0.03516386831523996,-0.0013026601304525055,0.8432145841119014,0.02699409245869859,-0.008382131760838988
811,2022-11-25,-0.0003713632558847,0.014850000000000002,-0.1017436803714377,0.077384571189751,17.049999237060547,17.049999237060547,16.799999237060547,16.850000381469727,16.850000381469727,413000,-0.011730138682710023,-0.01173013868271,-0.015221363255884702,0.008671825164551311,0.020401963847261312,-0.0012891421311799474,0.8459311347473625,0.026921263919744996,-0.008548096362892285
812,2022-11-28,-0.0149974288309526,0.014750000000000001,0.4164946598064389,-0.5600527964672593,16.850000381469727,17.100000381469727,16.75,17.049999237060547,17.049999237060547,501003,0.011869368015609243,0.011869368015609227,-0.0297474288309526,3.518253023326824e-05,-0.011834185485375959,-0.0012937694697904912,0.8448349563464451,0.02696877901724949,-0.00850903682920492
813,2022-11-29,0.0104946688415954,0.014750000000000001,-0.0884911714706165,0.1807592505525272,17.0,17.600000381469727,16.950000762939453,17.600000381469727,17.600000381469727,881001,0.032258133080362586,0.03225813308036263,-0.004255331158404601,0.008289390743900624,-0.023968742336462005,-0.0013004503664847472,0.8433936370496034,0.026950044723696314,-0.008404583972766434
814,2022-11-30,0.0115509394051028,0.014950000000000001,0.0783750276194241,0.2187769798573004,17.799999237060547,18.149999618530277,17.700000762939453,17.950000762939453,17.950000762939453,903150,0.019886384879754134,0.019886384879754138,-0.0033990605948972016,0.010643730540779463,-0.009242654338974674,-0.0013167623267408928,0.8386156387868662,0.02730717272275189,-0.008108085619280878
815,2022-12-01,0.0089552440597377,0.01455,-0.0701540122465787,0.3263222881225451,18.049999237060547,18.049999237060547,17.850000381469727,17.899999618530273,17.899999618530273,565535,-0.002785578957323209,-0.0027855789573232315,-0.0055947559402623,0.002034755192862119,0.004820334150185351,-0.0013215672368706093,0.8375989425371917,0.027284069365107307,-0.008049096372415038
816,2022-12-02,-0.0028056137253191,0.01395,0.1428965226594769,-0.1298822690237948,18.0,18.0,17.799999237060547,17.799999237060547,17.799999237060547,462001,-0.005586613608986063,-0.005586613608986046,-0.0167556137253191,0.002759910371605017,0.008346523980591063,-0.0012876764396104459,0.8444228988583741,0.027126580049577673,-0.008349516486049735
817,2022-12-05,0.0006720167076582,0.01355,0.165743744640839,-0.0368252177691193,17.899999618530273,18.200000762939453,17.899999618530273,18.100000381469727,18.100000381469727,830000,0.016853997599312324,0.016853997599312276,-0.0128779832923418,0.0014172736377685864,-0.01543672396154369,-0.0013098679344350657,0.8390724564278164,0.02737770440613531,-0.008104108946500512
818,2022-12-06,-0.0168122768048923,0.01365,0.0707740338622686,-0.3518982653791833,18.0,18.049999237060547,17.549999237060547,17.850000381469727,17.850000381469727,1000002,-0.013812154405032112,-0.01381215440503214,-0.030462276804892302,0.0038310046492191726,0.017643159054251314,-0.0012923691380327161,0.8432218761937039,0.027306229006265427,-0.008269573556101657
819,2022-12-07,-0.0067126704796387,0.01265,-0.0158225197065247,-0.1871794209742686,17.799999237060547,17.799999237060547,17.299999237060547,17.75,17.75,558002,-0.005602262147486451,-0.005602262147486492,-0.0193626704796387,0.0021688552569516066,0.007771117404438099,-0.0012998218197338728,0.8407390032475581,0.027379092844551714,-0.008182458041333919
820,2022-12-08,-0.0052610851117372,0.0125,0.1397252992009436,-0.1153780429774053,17.5,17.649999618530273,17.450000762939453,17.549999237060547,17.549999237060547,286000,-0.011267648616307219,-0.011267648616307246,-0.0177610851117372,0.003485080298312176,0.014752728914619422,-0.001301634942566598,0.8390538242353099,0.02735060611239494,-0.008115713979228511
821,2022-12-09,0.0104713275046632,0.01284,-0.1685277901188347,0.345984494592792,17.600000381469727,17.799999237060547,17.549999237060547,17.700000762939453,17.700000762939453,205015,0.008547095863237772,0.008547095863237875,-0.0023686724953368016,0.0007904243148957863,-0.0077566715483420885,-0.001300590482393331,0.8401483735778841,0.02729153442738442,-0.00816800382839176
822,2022-12-12,-0.0063133037063797,0.01295,0.0961017964268391,-0.2844334693700779,17.700000762939453,18.100000381469727,17.100000381469727,17.75,17.75,486100,0.0028248155313776078,0.0028248155313777,-0.0192633037063797,-0.0008077960547923334,-0.0036326115861700335,-0.0013322037010490952,0.8332280692167269,0.027754365788684458,-0.007734230642594541
823,2022-12-13,-0.0061337438312371,0.0129,0.0124886313461131,-0.19462690045434,17.75,17.950000762939453,17.549999237060547,17.549999237060547,17.549999237060547,357413,-0.011267648616307219,-0.011267648616307246,-0.0190337438312371,-0.012805625142562942,-0.0015379765262556952,-0.0013257041273538122,0.8355341101845245,0.02773573182505767,-0.007819727062156626
824,2022-12-14,0.014900570627961,0.01275,-0.0142088149725133,0.4689537927056236,17.600000381469727,17.75,17.399999618530273,17.75,17.75,166067,0.011396055363758028,0.011396055363757984,0.002150570627961,0.04785633175973706,0.036460276395979076,-0.0013385786657606415,0.8326514533949333,0.027955365422702813,-0.007705820138505394
825,2022-12-15,-0.0003548640256593,0.01275,0.0822233181957125,-0.0465960536434878,17.700000762939453,17.700000762939453,17.5,17.700000762939453,17.700000762939453,161001,-0.0028168584259463027,-0.002816858425946256,-0.013104864025659298,0.002146060764486762,0.004962919190433018,-0.0013221090737691008,0.8311230757209489,0.027931430242167217,-0.0076165021352747955
826,2022-12-16,-0.0139526446257821,0.012350000000000002,0.1234378333581326,-0.5215121214431975,17.700000762939453,17.700000762939453,17.5,17.5,17.5,177000,-0.01129947764512067,-0.011299477645120626,-0.0263026446257821,-0.011387009894006253,-8.753224888562693e-05,-0.0013296542957014243,0.8289608624607196,0.02809144102795485,-0.007476744259861072
827,2022-12-19,-0.0065546454028587,0.012150000000000001,0.032904976114608,-0.1309643194528271,17.299999237060547,17.600000381469727,17.299999237060547,17.5,17.5,167052,0.0,0.0,-0.0187046454028587,-0.004437030369366303,-0.004437030369366303,-0.0013208808874058523,0.831120910949396,0.028007046442961668,-0.007596921083823747
828,2022-12-20,-0.0182418205486978,0.01275,-0.0846324863831219,-0.5049830870509482,17.450000762939453,17.5,17.100000381469727,17.200000762939453,17.200000762939453,533001,-0.017142813546316964,-0.01714281354631697,-0.0309918205486978,-0.020535948975752272,-0.003393135429435302,-0.0013123370102084996,0.8336418629086179,0.027860728017919723,-0.007708469177616192
829,2022-12-21,0.0045426944011661,0.012350000000000002,0.0344357684143771,0.086988401062342,17.75,17.75,17.350000381469727,17.5,17.5,301001,0.017441815334505686,0.017441815334505728,-0.007807305598833901,0.022919431529979925,0.005477616195474197,-0.0013243345672263535,0.83055580560771,0.028073735381589037,-0.007548389481179229
830,2022-12-22,0.0146504266663629,0.0125,-0.0785377132915793,0.2184569646910211,17.649999618530273,17.700000762939453,17.600000381469727,17.600000381469727,17.600000381469727,215133,0.005714307512555803,0.005714307512555861,0.0021504266663628993,-0.014281588521421272,-0.019995896033977133,-0.0013176906814528892,0.8323601031436205,0.028035295384746375,-0.007595243606474923
831,2022-12-23,-0.0118611959738385,0.0121,0.2043257741624682,-0.3922360922547049,17.600000381469727,17.649999618530273,17.450000762939453,17.600000381469727,17.600000381469727,163000,0.0,0.0,-0.0239611959738385,0.002741938593824084,0.002741938593824084,-0.0013182695406090622,0.8325649427999566,0.02803972800646562,-0.0075961592575987695
832,2022-12-26,0.0009459326027126,0.0121,-0.0480135209227368,0.0450484624654359,17.600000381469727,17.700000762939453,17.549999237060547,17.700000762939453,17.700000762939453,114000,0.0056818397330839045,0.005681839733084004,-0.0111540673972874,0.012124966064801991,0.006443126331717987,-0.001302724420542936,0.8364770368734187,0.027825488272652237,-0.007770949892819157
833,2022-12-27,0.0030311103254018,0.0131,0.0469426924568086,0.0989006086042778,17.600000381469727,17.700000762939453,17.5,17.549999237060547,17.549999237060547,303001,-0.008474662113743061,-0.008474662113743037,-0.010068889674598201,0.012245233023064548,0.020719895136807585,-0.0013023834628768387,0.8356299690588789,0.027822340151917254,-0.007721331189762518
834,2022-12-28,-0.0108406909558629,0.01335,-0.0194931897539178,-0.2946505044663522,17.5,17.5,17.299999237060547,17.350000381469727,17.350000381469727,319449,-0.011395946682919524,-0.011395946682919544,-0.0241906909558629,-0.00509128772815529,0.006304658954764254,-0.0013013551380654017,0.8354012354564598,0.027829220876158228,-0.007720076932120696
835,2022-12-29,-0.006214595293378,0.01335,0.1364933095163926,-0.1664625272555516,17.350000381469727,17.350000381469727,16.799999237060547,16.799999237060547,16.799999237060547,550042,-0.031700353447634264,-0.03170035344763422,-0.019564595293378,-0.008785322618142946,0.022915030829491277,-0.001303540836804873,0.8364708148245309,0.027832015965260117,-0.007732066912555775
836,2022-12-30,0.0037394977210106,0.01335,-0.0315764437607672,0.078685565921594,16.950000762939453,17.299999237060547,16.950000762939453,17.200000762939453,17.200000762939453,219635,0.02380961571691675,0.023809615716916754,-0.009610502278989401,-0.015616157410130244,-0.039425773127046995,-0.001306480099841805,0.8358044445992234,0.027874127837486804,-0.007686268757975604
